<?xml version="1.0" encoding="ISO-8859-1" ?>
<!-- This file defines the schema for the cems file management -->

<streaminglogserverschema>

  <!--
  #####################################################################
  #
  # A Reader to read XDR lite streams
  #
     -->

  <reader>
    <name>Read XDR lite Streams</name>
    <class>com.nortel.cdma.service.csl.sls.reader.xdrlt.XDRLiteReader</class>
    <inputbuffersize>4194304</inputbuffersize>
    <port>5258</port>
  </reader>

  <!--
  #####################################################################
  #
  # A writer to send data to a Customer Archive Server
  #
     -->

  <writer>
    <name>Write To Customer Archive Server</name>
    <class>com.nortel.cdma.service.csl.sls.writer.archiveserver.ArchiveServerWriter</class>
    <destinationaddress>127.0.0.1</destinationaddress>
    <outputbuffersize>4194304</outputbuffersize>
    <port>5259</port>
    <prevRef>Read XDR lite Streams</prevRef>
    <queueSize>1000</queueSize>
    <maxDequeueNumber>5</maxDequeueNumber>
    <writeTimeout>20000</writeTimeout><!-- Unit: milliseconds -->
    <debug>off</debug>
  </writer>

  <!--
  #####################################################################
  #
  # A writer to send data to a Customer Archive Server
  #
     -->

  <writer>
    <name>Write To Disk</name>
    <class>com.nortel.cdma.service.csl.sls.writer.disk.DiskWriter</class>
    <prevRef>Read XDR lite Streams</prevRef>
    <outputbuffersize>4194304</outputbuffersize>
  </writer>

    <!--
    #####################################################################
    #
    # An ASCII Filter to  Parse XDRLite data.
    #
    <filter>
      <name>ASCII Parser</name>
      <class>com.nortel.cdma.service.csl.sls.filter.ascii.ASCIIFilter</class>
      <prevRef>Read XDR lite Streams</prevRef>
      <configfile>/opt/cems/cfg/csl/asciifilter.xml</configfile>
    </filter>
     -->
</streaminglogserverschema>
