<!-- (c) COPYRIGHT 2006 Nortel Networks.  All Rights Reserved -->
<field priority="2" bscstreamlogschemaversion="3">
   <name>LogActiveSetNeighborListUpdate_v1_struct</name>
   <datatype>struct</datatype>
   <displayname>LogActiveSetNeighborListUpdate</displayname>
   <description>This log reflects the FCH active set for the call whenever it changes. NeighborListUpdate info is also included. NeighborListUpdate is a summary of new neighbor list info. The neighbor list is updated after an active set change on: (a) Mobile performs soft handoff (b) Mobile performs hard handoff (c) Channel assignment into soft handoff. This log is generated on an ACP/ESEL.</description>
   <field>
      <name>Active Set Change Info</name>
      <datatype>ActiveSetChange_Struct</datatype>
      <description>FCH active set information</description>
   </field>
   <field>
      <name>NeighborListUpdate Info</name>
      <datatype>NeighborListUpdate_Struct</datatype>
      <description>Neighbor list update information</description>
   </field>
</field>
