  <union discriminant="CommonHeader_v1_struct.Log Type" >
    <name>LogType_Union</name>

    <!-- BSSM SLOG_CTRL_SLC_STATS -->
    <case value="SLOG_CTRL_SLC_STATS">
      <union discriminant="CommonHeader_v1_struct.Log Version" >
        <name>LogVersion_Union</name>
        <!-- BSSM SLOG_CTRL_SLC_STATS, v1 -->
        <case value="1">
          <field>
            <name>SLC_stats_v1_struct</name>
            <datatype>struct</datatype>
            <displayname>SLC Statistics Information ControlLog</displayname>
            <description>Statistics regarding streaming logs received by the BSSM from the SBS. Generated every 30 minutes at the top and bottom of the hour.</description>
            <field outputformat="ipaddress">
              <name>CSP IP</name>
              <datatype>uint32</datatype>
              <description>The IP address of the CSP</description>
            </field>
            <field>
              <name>Source Id</name>
              <datatype>uint8</datatype>
              <description>The streaming log server component that generated the log.</description>
            </field>
            <field outputformat="dec">
              <name>numLogsReceived</name>
              <datatype>uint64</datatype>
              <description>Number of streaming logs received by the SLC processor from the SBS.</description>
            </field>
            <field outputformat="dec">
              <name>numLogsDropped</name>
              <datatype>uint64</datatype>
              <description>Number of streaming logs dropped by the SLC processor. Includes filtered attributes and logs dropped under overload conditions.</description>
            </field>
            <field maxlength="80" outputformat="string">
              <name>AdditionalText</name>
              <datatype>string</datatype>
              <description>Additional text info.</description>
              <lengthheader>
                <field outputformat="dec">
                  <name>Additional Text Length</name>
                  <datatype>uint8</datatype>
                  <description>The length of the Additional Text array (in bytes)</description>
                </field>
              </lengthheader>
            </field>
          </field>
        </case>
      </union>
    </case>
  </union>
