<!-- (c) COPYRIGHT 2006 Nortel Networks.  All Rights Reserved -->
<field priority="1" bscstreamlogschemaversion="6">
   <name>LogCallDropData_v1_struct</name>
   <datatype>struct</datatype>
   <displayname>LogCallDropData</displayname>
   <description>This log provides a summary of the last few seconds before a call is dropped due to abnormal call termination and summary of the handoff conditions and power control at the end of the call. The log is generated at the end of a dropped call.  This log is generated on an ACP/ESEL.</description>
   <field>
      <name>Service Option</name>
      <datatype>ACLSPTYP_SERVICE_OPTIONEnum</datatype>
      <description>Service Option</description>
   </field>
   <field>
      <name>Drop Reason</name>
      <datatype>ACLRL_RLMDropIndReasonEnum</datatype>
      <description>The reason the call dropped</description>
   </field>
   <field outputformat="dec">
      <name>Bad Rev Frames</name>
      <datatype>uint16</datatype>
      <description>Number of bad Rev frames. The data is accumulated over 5 sec. period before the reverse link traffic loss dection. The Information in this field may not be valid after a SWACT.</description>
   </field>
   <field outputformat="dec">
      <name>Bad Fwd Frames</name>
      <datatype>uint16</datatype>
      <description>Number of bad Fwd frames. The data is accumulated over 5 sec. period before the reverse link traffic loss dection. Information in this field may not be valid after a SWACT.</description>
   </field>
   <field outputformat="dec">
      <name>Sum Ew/No</name>
      <datatype>uint32</datatype>
      <description>Sum of the reverse threshold setpoint value sent to BTS. The data is accumulated over 5 sec. period before the reverse link traffic loss dection. Information in this field may not be valid after a SWACT.</description>
   </field>
   <field outputformat="dec">
      <name>Sum Fwd Gain</name>
      <datatype>uint32</datatype>
      <description>Sum of the Fwd Gain settings sent to BTS.  Value sent to BTS. The data is accumulated over 5 sec. period before the reverse link traffic loss dection. Information in this field may not be valid after a SWACT.</description>
   </field>
   <field outputformat="dec">
      <name>Last Good Fwd Frame Forward Gain</name>
      <datatype>uint8</datatype>
      <description>Last Good Forward Frame Forward Gain. For Non-RC2 calls, it is set to the same as Last Good Reverse Frame Forward Gain because we cannot determine if a forward frame is good or bad. Information in this field may not be valid after a SWACT.</description>
   </field>
   <field outputformat="timestamp">
      <name>Last Good Fwd Frame TimeStamp</name>
      <datatype>uint64</datatype>
      <description>Last Good Forward Frame TimeStamp. For Non-RC2 calls, it is set to the same as Last Good Reverse Frame TimeStamp because we cannot determine if a forward frame is good or bad. Information in this field may not be valid after a SWACT.</description>
   </field>
   <field outputformat="dec">
      <name>Last Good Reverse Frame Ew/No</name>
      <datatype>uint8</datatype>
      <description>Last Good Reverse Frame Ew/No. Information in this field may not be valid after a SWACT.</description>
   </field>
   <field outputformat="dec">
      <name>Last Good Reverse Frame Forward Gain</name>
      <datatype>uint8</datatype>
      <description>Last Good Reverse Frame Forward Gain. Information in this field may not be valid after a SWACT.</description>
   </field>
   <field outputformat="timestamp">
      <name>Last Good Reverse Frame TimeStamp</name>
      <datatype>uint64</datatype>
      <description>Last Good Reverse Frame TimeStamp. Information in this field may not be valid after a SWACT.</description>
   </field>
   <field>
      <name>Current Active Set</name>
      <datatype>LCD_CurrentAS_Struct</datatype>
      <description></description>
   </field>
   <field outputformat="bool">
      <name>PreviousActiveSetExists</name>
      <displayname>Previous Active Set Exists</displayname>
      <datatype>bool</datatype>
      <description>Flag indicates whether this log contains previous active set information.  A previous active set exists if soft/softer handoff has occurred in the call.</description>
   </field>
   <union discriminant="PreviousActiveSetExists" outputdiscriminant="no">
      <name>PreviousActiveSet_Union</name>
      <case value="1">
         <field>
            <name>Previous Active Set</name>
            <datatype>LCD_PreviousAS_Struct</datatype>
            <description>Log Call Drop Data Previous Active Set Info</description>
         </field>
      </case>
      <case value="default">
      </case>
   </union>
   <field>
      <name>NeighborList</name>
      <datatype>variableArray</datatype>
      <description>Neighbor list information for all neighbors</description>
      <lengthheader>
         <field outputformat="dec">
            <name>Number of neighbors</name>
            <datatype>uint8</datatype>
            <description>Number of neighbors</description>
         </field>
      </lengthheader>
      <arrayelementtype>NeighborList_Struct</arrayelementtype>
   </field>
   <field>
      <name>Last PSMM</name>
      <datatype>LastPSSM_Struct</datatype>
      <description>Last Pilot Strength Measurement. Information in this field may not be valid after a SWACT. Information in this field is not valid if no PSMM was received prior to the call drop. It maybe PPSMM for data calls.</description>
   </field>
   <field outputformat="dec">
      <name>Call Type</name>
      <datatype>uint8</datatype>
      <description>Type of the call</description>
   </field>
   <field outputformat="dec">
      <name>Fwd Radio Configuration</name>
      <datatype>uint8</datatype>
      <description>Forward Radio Configuration</description>
   </field>
   <field outputformat="dec">
      <name>Rev Radio Configuration</name>
      <datatype>uint8</datatype>
      <description>Reverse Radio Configuration</description>
   </field>
   <field outputformat="dec">
      <name>Call Drop Timer Value</name>
      <datatype>uint8</datatype>
      <description>The configured Call Drop Timer Value.</description>
   </field>
</field>
