  <union discriminant="CommonHeader_v1_struct.Log Type" >
    <name>LogType_Union</name>

    <!-- CSP SLOG_CTRL_ELC_STATS -->
    <case value="SLOG_CTRL_ELC_STATS">
      <union discriminant="CommonHeader_v1_struct.Log Version" >
        <name>LogVersion_Union</name>
        <!-- CSP SLOG_CTRL_ELC_STATS, v1 -->
        <case value="1">
          <field>
            <name>ELC_stats_v1_struct</name>
            <datatype>struct</datatype>
            <displayname>ELC Statistics Information ControlLog</displayname>
            <description>Statistics regarding streaming logs received by the CSP from the EBSC. Generated every 30 minutes at the top and bottom of the hour.</description>
            <field outputformat="ipaddress">
              <name>CSPID</name>
              <datatype>uint32</datatype>
              <description>Uniquely identifies the originating CSP</description>
            </field>
            <field>
              <name>Source Id</name>
              <datatype>uint8</datatype>
              <description>The streaming log server component that generated the log.</description>
            </field>
            <field outputformat="dec">
              <name>numLogsReceived</name>
              <datatype>uint64</datatype>
              <description>Number of streaming logs received by the CSP processor from the EBSC.</description>
            </field>
            <field outputformat="dec">
              <name>numLogsDropped</name>
              <datatype>uint64</datatype>
              <description>Number of streaming logs dropped by the CSP processor under overload conditions.</description>
            </field>
            <field maxlength="80" outputformat="string">
              <name>AdditionalText</name>
              <datatype>string</datatype>
              <description>Additional text info.</description>
              <lengthheader>
                <field outputformat="dec">
                  <name>Additional Text Length</name>
                  <datatype>uint8</datatype>
                  <description>The length of the Additional Text array (in bytes)</description>
                </field>
              </lengthheader>
            </field>
          </field>
        </case>
      </union>
    </case>

    <!-- CSP SLOG_CTRL_SLS_STATS -->
    <case value="SLOG_CTRL_SLS_STATS">
      <union discriminant="CommonHeader_v1_struct.Log Version" >
        <name>LogVersion_Union</name>
        <!-- CSP SLOG_CTRL_SLS_STATS, v1 -->
        <case value="1">
          <field>
            <name>SLS_stats_v1_struct</name>
            <datatype>struct</datatype>
            <displayname>SLS Statistics Information ControlLog</displayname>
            <description>Statistics regarding streaming logs processed by the CSP. Generated every 30 minutes at the top and bottom of the hour.</description>
            <field outputformat="ipaddress">
              <name>CSPID</name>
              <datatype>uint32</datatype>
              <description>Uniquely identifies the originating CSP</description>
            </field>
            <field>
              <name>Source Id</name>
              <datatype>uint8</datatype>
              <description>The streaming log server component that generated the log.</description>
            </field>
            <field outputformat="dec">
              <name>numLogsFiltered</name>
              <datatype>uint64</datatype>
              <description>Number of streaming logs dropped by the CSP processor due to attribute filtering.</description>
            </field>
            <field maxlength="80" outputformat="string">
              <name>AdditionalText</name>
              <datatype>string</datatype>
              <description>Additional text info.</description>
              <lengthheader>
                <field outputformat="dec">
                  <name>Additional Text Length</name>
                  <datatype>uint8</datatype>
                  <description>The length of the Additional Text array (in bytes)</description>
                </field>
              </lengthheader>
            </field>
          </field>
        </case>
      </union>
    </case>

    <case value="SLOG_CTRL_SLS_CARD_MAPPING">
      <union discriminant="CommonHeader_v1_struct.Log Version" >
        <name>LogVersion_Union</name>
        <case value="1">
          <field>
            <name>SLS_card_mapping_v1_struct</name>
            <datatype>struct</datatype>
            <displayname>CSL Card ID and FDN Mapping Information ControlLog</displayname>
            <description>A set of mappings from card id to fully-distinguished name. Generated when a connection to the customer log server is established and when card configuration changes occur.</description>
            <field outputformat="ipaddress">
              <name>CSPID</name>
              <datatype>uint32</datatype>
              <description>Uniquely identifies the originating CSP</description>
            </field>
            <field>
              <name>Source Id</name>
              <datatype>uint8</datatype>
              <description>The streaming log server component that generated the log.</description>
            </field>
            <field>
              <name>Mapping Information Group</name>
              <datatype>CardMappingInfo_Struct</datatype>
            </field>
            <field maxlength="80" outputformat="string">
              <name>AdditionalText</name>
              <datatype>string</datatype>
              <description>Additional text info.</description>
              <lengthheader>
                <field outputformat="dec">
                  <name>Additional Text Length</name>
                  <datatype>uint8</datatype>
                  <description>The length of the Additional Text array (in bytes)</description>
                </field>
              </lengthheader>
            </field>
          </field>
        </case>
      </union>
    </case>
  </union>
