<cems_datatypes>

  <typedef>
    <name>BSC_SourceId_Struct</name>
    <datatype>struct</datatype>
    <displayname>ESEL or SCI-S OID. Can convert to FDN using FDN mapping table supplied by the CSP to the customer log server</displayname>
    <description></description>
    <field outputformat="hex">
      <name>OID: Agent Id</name>
      <datatype>uint32</datatype>
      <description>Agent Id part of OID </description>
    </field>
    <field outputformat="hex">
      <name>OID: MOClassId</name>
      <datatype>uint16</datatype>
      <description>MO Class Id part of OID </description>
    </field>
    <field outputformat="hex">
      <name>OID: MOVersion</name>
      <datatype>uint16</datatype>
      <description>MO Version part of OID </description>
    </field>
    <field outputformat="hex">
      <name>OID: MOInstance</name>
      <datatype>uint16</datatype>
      <description>MO Instance part of OID </description>
    </field>
  </typedef>

  <typedef>
    <name>BSCMappingArray_Struct</name>
    <datatype>struct</datatype>
    <displayname>CSL Card Mapping Info</displayname>
    <description></description>
    <field outputformat="dec">
      <name>BSC MO Id</name>
      <datatype>BSC_SourceId_Struct</datatype>
      <description>ESEL or SCI-S OID. Can convert to FDN using FDN mapping table supplied by the CSP to the customer log server</description>
    </field>

    <field maxlength="2000" outputformat="string">
      <name>FDN</name>
      <datatype>string</datatype>
      <description>BSC Card FDN</description>
      <lengthheader>
        <field outputformat="dec">
          <name>FDN Length</name>
          <datatype>uint16</datatype>
          <description>The length of the card FDN array (in bytes)</description>
        </field>
      </lengthheader>
    </field>
  </typedef>

  <typedef>
    <name>EBSCMappingArray_Struct</name>
    <datatype>struct</datatype>
    <displayname>EBSC Card Mapping Info</displayname>
    <description></description>
    <field outputformat="dec">
      <name>ME Id</name>
      <datatype>uint64</datatype>
      <description>The CSL card ME Id</description>
    </field>
    <field maxlength="2000" outputformat="string">
      <name>FDN</name>
      <datatype>string</datatype>
      <description>EBSC Card FDN</description>
      <lengthheader>
        <field outputformat="dec">
          <name>FDN Length</name>
          <datatype>uint16</datatype>
          <description>The length of the card FDN array (in bytes)</description>
        </field>
      </lengthheader>
    </field>
  </typedef>

  <typedef>
    <name>CardMappingInfo_Struct</name>
    <datatype>struct</datatype>
    <field>
      <name>EBSCCardMappingInfo</name>
      <datatype>variableArray</datatype>
      <description>ME Id to FDN mapping information</description>
      <lengthheader>
        <field outputformat="dec">
          <name>Number of EBSC Mapping Entries</name>
          <datatype>uint16</datatype>
          <description>Number of EBSC Mapping Entries</description>
        </field>
      </lengthheader>
      <arrayelementtype>EBSCMappingArray_Struct</arrayelementtype>
    </field>

    <field>
      <name>BSCCardMappingInfo</name>
      <datatype>variableArray</datatype>
      <description>MOObject Id to FDN mapping information</description>
      <lengthheader>
        <field outputformat="dec">
          <name>Number of BSC Mapping Entries</name>
          <datatype>uint16</datatype>
          <description>Number of BSC Card Mapping Entries</description>
        </field>
      </lengthheader>
      <arrayelementtype>BSCMappingArray_Struct</arrayelementtype>
    </field>
  </typedef>

</cems_datatypes>