<!-- (c) COPYRIGHT 2006 Nortel Networks.  All Rights Reserved -->
<field bscstreamlogschemaversion="2">
   <name>CommonHeader_v1_struct</name>
   <datatype>struct</datatype>
   <displayname>Common Header</displayname>
   <description>The common header is present for all Streaming Logs. </description>
   <field outputformat="dec">
      <name>Log Length</name>
      <datatype>uint16</datatype>
      <description>Length of the whole log (including header)</description>
   </field>
   <field>
      <name>Node Type</name>
      <datatype>SLog_NodeType</datatype>
      <description>Tells whether node is EBSC or SBS.</description>
   </field>
   <field>
      <name>Message Class</name>
      <datatype>SLog_MessageClass</datatype>
      <description>Data Log, Control Log, or Protocol Message</description>
   </field>
   <field>
      <name>Log Type</name>
      <datatype>SLog_LogType</datatype>
      <description>Type of Streaming Log</description>
   </field>
   <field outputformat="dec">
      <name>Log Version</name>
      <datatype>uint8</datatype>
      <description>Version of the Streaming Log Log Type</description>
   </field>
   <field outputformat="timestamp">
      <name>Time Stamp</name>
      <datatype>uint64</datatype>
      <description>The time when this log is generated</description>
   </field>
   <field outputformat="dec">
      <name>Sequence Number</name>
      <datatype>uint32</datatype>
      <description>Sequence number of the record. Numbering starts at 1</description>
   </field>
</field>
