<!-- (c) COPYRIGHT 2006 Nortel Networks.  All Rights Reserved -->
<field bscstreamlogschemaversion="3">
   <name>ConnectionEstablished_v1_struct</name>
   <datatype>struct</datatype>
   <displayname>Connection Established Control Log</displayname>
   <description>This log is generated every time a TCP or ACN Streaming Logs connection is established to the CSP. This includes situations where the connection is being established for the first time and after the connection has been down due to a connection error and has recovered. Details for why the connection is being established are given in the AdditionalText field.</description>
   <field maxlength="20">
      <name>BSCSoftwareVersion</name>
      <datatype>string</datatype>
      <description>BSC/EBSC software version as a string</description>
      <lengthheader>
         <field>
            <name>BSC Software Version Length</name>
            <datatype>uint8</datatype>
            <description>The length of the BSC Software Version array (in bytes)</description>
         </field>
      </lengthheader>
   </field>
   <field outputformat="dec">
      <name>Last Data Log Sequence # Sent</name>
      <datatype>uint32</datatype>
      <description>Sequence # of last data log attempted to be sent by BSC/EBSC processor. This number is useful in narrowing down the sequence number range of logs that were lost due to the connection going down. Note that a value of zero reflects the very first time the card has started generating data logs.</description>
   </field>
   <field outputformat="dec">
      <name>Next Data Log Sequence # to be used</name>
      <datatype>uint32</datatype>
      <description>Sequence # of next log to be sent. Useful for detecting sequence number gaps in the stream.</description>
   </field>
   <field maxlength="80" outputformat="string">
      <name>AdditionalText</name>
      <datatype>string</datatype>
      <description>Additional text info. Could contain the following reasons for connection open:
* User Request. User initiated unlock action(BSC and EBSC) or CEMS auto configuration(EBSC only)
* SWACT (EBSC only)
* Software Migration (EBSC only)
* Card Initialization (after a reset)
* Re-open after transport connection failure (TCP or ACN) (note that in this situation this log may not be the first log on the stream after the connection has been re-established) </description>
      <lengthheader>
         <field outputformat="dec">
            <name>Additional Text Length</name>
            <datatype>uint8</datatype>
            <description>The length of the Additional Text array (in bytes)</description>
         </field>
      </lengthheader>
   </field>
</field>
