<!-- (c) COPYRIGHT 2006 Nortel Networks.  All Rights Reserved -->
<field priority="1" bscstreamlogschemaversion="4">
   <name>DataSessionUsage_v1_struct</name>
   <datatype>struct</datatype>
   <displayname>LogDataSessionUsageSummary</displayname>
   <description>This log provides a summary for a data session processed by the PCU. The log is generated at the following situations: (1) At end packet session (transition to Null State) (2) Session goes from Active to Dormant and the time span is greater than 30 minutes since last time the log was generated. There can be more than one LogDataSessionUsageSummary log for a data session. Each log contains the statistics values accumulated since the last LogDataSessionUsageSummary log and the total values for the entire data session can be calculated by totaling the values of all the LogDataSessionUsageSummary logs related to the data session. Note that on the Dormant to Null transition, the data session transits to Active before going to Null. The duration of this transitory Active data session is very short, is accurately recorded in the log information and should be accounted for statistically.This log is not generated if the RP session setup fails.</description>
   <field outputformat="ipaddress">
      <name>PDSN IP</name>
      <datatype>uint32</datatype>
      <description>The IP address of the PDSN for this data session.</description>
   </field>
   <field outputformat="dec">
      <name>Instance Id</name>
      <datatype>uint16</datatype>
      <description>A session ID to associate logs for the same data session. Only unique if combined together with Packet Session Start Time (PSST). The value of this id can be reused quite often especially under heavy load. </description>
   </field>
   <field outputformat="hex">
      <name>Packet Session Start Time</name>
      <datatype>uint32</datatype>
      <description>Packet Session Start Time (PSST). Generated on a data session Null to Active transition and is simply an identifier generated from the system time. This value when combined with the IMSI  allows correlation of these logs for the same data session on a BSC or EBSC.  This value and the IMSI are also present in the LogCallSummary log to allow correlation of LogCallSummary logs against the same data session on a BSC or EBSC.  For an EBSC software upgrade to 15.0, this value is populated with a time value of when the packet session upgrade data migration took place.</description>
   </field>
   <field outputformat="bool">
      <name>SWACT While Session In Progress</name>
      <datatype>bool</datatype>
      <description>If this field is set then a SWACT occurred during the data session.  Can be used to gauge the accuracy of various other log fields which may not be valid if the card has SWACTed. The field might not be accurate for the collection period immediately after the SWACT or not accurate for the duration of the data session. Note: The first log generated after the SWACT will have this field set. The subsequent logs generated after the SWACT will not have this field set and all fields of the log will be valid except for the Num DSU Logs field which only counts the number of DSU logs after the SWACT.</description>
   </field>
   <field outputformat="dec">
      <name>Total Data Session Seconds</name>
      <datatype>uint32</datatype>
      <description>Total time the PCU has resources allocated to a data session. Information in this field may not be valid after a SWACT.</description>
   </field>
   <field outputformat="dec">
      <name>Active Data Session Seconds</name>
      <datatype>uint32</datatype>
      <description>Total time a data session is in active. Information in this field may not be valid after a SWACT.</description>
   </field>
   <field outputformat="dec">
      <name>Total Forward Data Bytes</name>
      <datatype>uint32</datatype>
      <description>Total number of bytes transmitted from the PDSN to the PCU for a data session. Information in this field may not be valid after a SWACT.</description>
   </field>
   <field outputformat="dec">
      <name>Peak Forward Data Bytes</name>
      <datatype>uint32</datatype>
      <description>Maximum number of bytes transmitted for a particular data session from the PDSN to the PCU, over a time interval of length Measurement Interval Seconds. Information in this field may not be valid after a SWACT.</description>
   </field>
   <field outputformat="dec">
      <name>Total Fwd Packets Dropped</name>
      <datatype>uint32</datatype>
      <description>Total Forward Packets Dropped. Information in this field may not be valid after a SWACT.</description>
   </field>
   <field outputformat="dec">
      <name>Forward Active Data Buffer Overflows</name>
      <datatype>uint32</datatype>
      <description>Total number of Forward Active Data Buffer Overflows. Information in this field may not be valid after a SWACT</description>
   </field>
   <field outputformat="dec">
      <name>Forward Dormant Data Buffer Overflows</name>
      <datatype>uint32</datatype>
      <description>Total number of Forward Dormant Data Buffer Overflows. Information in this field may not be valid after a SWACT</description>
   </field>
   <field outputformat="dec">
      <name>Total Reverse Data Bytes</name>
      <datatype>uint32</datatype>
      <description>Total Reverse Data Bytes. Information in this field may not be valid after a SWACT.</description>
   </field>
   <field outputformat="dec">
      <name>Peak Reverse Data Bytes</name>
      <datatype>uint32</datatype>
      <description>Maximum number of bytes transmitted for a particular data session from the PCU to the PDSN, over a time interval of length Measurement Interval Seconds. Information in this field may not be valid after a SWACT.</description>
   </field>
   <field outputformat="dec">
      <name>Total Rev Packets Dropped</name>
      <datatype>uint32</datatype>
      <description>Total Reverse Packets Dropped. Information in this field may not be valid after a SWACT.</description>
   </field>
   <field outputformat="dec">
      <name>Reverse Data Buffer Overflows</name>
      <datatype>uint32</datatype>
      <description>Total number of Reverse Data Buffer Overflows. Information in this field may not be valid after a SWACT</description>
   </field>
   <field outputformat="dec">
      <name>Measurement Interval of Peak Forward Data </name>
      <datatype>uint32</datatype>
      <description>Measurement interval of peak forward data (in seconds). Information in this field may not be valid after a SWACT.</description>
   </field>
   <field outputformat="dec">
      <name>Measurement Interval of Peak Reverse Data </name>
      <datatype>uint32</datatype>
      <description>Measurement Interval of peak reverse data (in seconds). Information in this field may not be valid after a SWACT.</description>
   </field>
   <field outputformat="dec">
      <name>Num Active To Dormant</name>
      <datatype>uint16</datatype>
      <description>Number of transitions from active to dormant state. This count does not include transitions from Active to Null state. Information in this field may not be valid after a SWACT.</description>
   </field>
   <field outputformat="dec">
      <name>Num DSU Logs</name>
      <datatype>uint16</datatype>
      <description>Indicates how many logs have been generated for this data call. Information in this field may not be valid after a SWACT.</description>
   </field>
</field>
