<!-- (c) COPYRIGHT 2006 Nortel Networks.  All Rights Reserved -->
<field bscstreamlogschemaversion="3">
   <name>EBSC_ControlHeader_v1_struct</name>
   <datatype>struct</datatype>
   <displayname>EBSC Control Header</displayname>
   <description>The EBSC Control Log header is present for all Streaming Logs Control Logs originating from an EBSC.</description>
   <field outputformat="ipaddress">
      <name>CSP Id</name>
      <datatype>uint32</datatype>
      <description>Uniquely identifies the CSP managing the group of CDMA nodes. It is strongly recommended that the customer configure a CSP ID value that allows unique identification of the CSP in the customer network. The CSP IP address might not be a suitable value if this IP address is not unique in the customer network (e.g. if Network Address Translation is used for CSP IP addresses).  The customer may configure any 32 bit value as the CSP ID. </description>
   </field>
   <field>
      <name>EBSC Id</name>
      <datatype>EBSC_SourceId_Struct</datatype>
      <description>The source identifier for an EBSC log. Can convert to FDN using FDN mapping table supplied by the CSP to the customer log server</description>
   </field>
</field>
