<!-- (c) COPYRIGHT 2006 Nortel Networks.  All Rights Reserved -->
<field bscstreamlogschemaversion="3">
   <name>EBSC_Header_v1_struct</name>
   <datatype>struct</datatype>
   <displayname>EBSC Header</displayname>
   <description>The EBSC Data Log header is present for all CSL II Data Logs originating from an EBSC.</description>
   <field outputformat="ipaddress">
      <name>CSP Id</name>
      <datatype>uint32</datatype>
      <description>Uniquely identifies the CSP managing the group of CDMA nodes. It is strongly recommended that the customer configure a CSP ID value that allows unique identification of the CSP in the customer network. The CSP IP address might not be a suitable value if this IP address is not unique in the customer network (e.g. if Network Address Translation is used for CSP IP addresses).  The customer may configure any 32 bit value as the CSP ID. </description>
   </field>
   <field>
      <name>Source Identifier</name>
      <datatype>EBSC_SourceId_Struct</datatype>
      <description>The source identifier for an EBSC log. Can convert to FDN using FDN mapping table supplied by the CSP to the customer log server</description>
   </field>
   <field outputformat="binary">
      <name>EBSC Parameter Flags</name>
      <datatype>EBSCParameterFlags</datatype>
      <description>Indicates which optional parameters are included in the EBSC log header.</description>
   </field>
   <union discriminant="EBSC Parameter Flags" bitref="SLOG_FORMAT_LA_HAS_CALLID">
      <name>CallID_Union</name>
      <case value="1">
         <field outputformat="hex">
            <name>Call ID</name>
            <datatype>uint64</datatype>
            <description>A unique identifier that is assigned at the time of call setup. Present only if Call ID Exists set.</description>
         </field>
      </case>
      <case value="default">
      </case>
   </union>
   <union discriminant="EBSC Parameter Flags" bitref="SLOG_FORMAT_LA_HAS_CORR_ID">
      <name>CorrID_Union</name>
      <case value="1">
         <field>
            <name>Correlation ID</name>
            <datatype>fixedByteArray</datatype>
            <arraysize>5</arraysize>
            <description>Correlates MTX CDRs with Access logs. Present only if Correlation ID Exists set</description>
         </field>
      </case>
      <case value="default">
      </case>
   </union>
   <union discriminant="EBSC Parameter Flags" bitref="SLOG_FORMAT_LA_HAS_IMSI">
      <name>IMSI_Union</name>
      <case value="1">
         <field>
            <name>IMSI </name>
            <datatype>IMSI_Struct</datatype>
            <description>IMSI of the mobile. Contains count of number of BCD digits, byte count and the IMSI digit array. Each digit corresponds to a nibble in the byte array; ignore pad bits that do not correspond to the number of digits. Present only if IMSI Exists set.</description>
         </field>
      </case>
      <case value="default">
      </case>
   </union>
   <union discriminant="EBSC Parameter Flags" bitref="SLOG_FORMAT_LA_HAS_ESN">
      <name>ESN_Union</name>
      <case value="1">
         <field outputformat="hex">
            <name>ESN</name>
            <datatype>uint32</datatype>
            <description>Electronic Serial Number. Present only if ESN Exists set.</description>
         </field>
      </case>
      <case value="default">
      </case>
   </union>
   <union discriminant="EBSC Parameter Flags" bitref="SLOG_FORMAT_LA_HAS_MEID">
      <name>MEID_Union</name>
      <case value="1">
         <field outputformat="hex">
            <name>MEID</name>
            <datatype>uint64</datatype>
            <description>Mobile Equipment Identifier. Present only if MEID Exists set.</description>
         </field>
      </case>
      <case value="default">
      </case>
   </union>
</field>
