<!-- (c) COPYRIGHT 2006 Nortel Networks.  All Rights Reserved -->
<field bscstreamlogschemaversion="3">
   <name>FLCpuOvld_v1_struct</name>
   <datatype>struct</datatype>
   <displayname>FL CPU Overload Control Log</displayname>
   <description>(1) Generated when CSL II enters First Level CPU overload and is in the unlocked and enabled state (2) Data Log Sequence # Before Log Suppression indicates that starting from this Data Log Sequence #, NO low priority data logs will be generated until first level CPU overload has abated (3) The TCP/ACN connection remains open, but only high priority logs will be generated and sent (4) Note that low priority logs may still be in the queue when First Level CPU overload occurs. These will still be sent out. The restrictions on low priority logs will apply only to new logs being generated at the time the First Level CPU overload occurs.</description>
   <field outputformat="dec">
      <name>Data Log Sequence # Before Log Suppression</name>
      <datatype>uint32</datatype>
      <description>Sequence # of last data log after which low priority logs are suppressed. Note that there may be low priority logs still in the queue with sequence numbers that are lower than this value which will still be sent out. However no new low priority logs are generated and sent after this sequence number (until the CPU overload condition abates).</description>
   </field>
   <field maxlength="80" outputformat="string">
      <name>AdditionalText</name>
      <datatype>string</datatype>
      <description>Additional text info </description>
      <lengthheader>
         <field outputformat="dec">
            <name>Additional Text Length</name>
            <datatype>uint8</datatype>
            <description>The length of the Additional Text array (in bytes)</description>
         </field>
      </lengthheader>
   </field>
</field>
