<!-- (c) COPYRIGHT 2006 Nortel Networks.  All Rights Reserved -->
<field priority="2" bscstreamlogschemaversion="2">
   <name>LogLinkFERData_v1_struct</name>
   <datatype>struct</datatype>
   <displayname>LogLinkFERData</displayname>
   <description>This log provides a summary of the Frame Error Rate (FER) performance for each reference PN during the call. The log is generated each time the reference PN changes.  This log is generated on an ACP/ESEL.</description>
   <field outputformat="hex">
      <name>Current EBID</name>
      <datatype>uint32</datatype>
      <description>Current Extended Base Id. Information in this field may not be valid after a SWACT.</description>
   </field>
   <field outputformat="hex">
      <name>New EBID</name>
      <datatype>uint32</datatype>
      <description>New Extended Base Id. Information in this field may not be valid after a SWACT.</description>
   </field>
   <field outputformat="dec">
      <name>Bad Fwd Frames</name>
      <datatype>uint32</datatype>
      <description>The number of bad forward frames. Information in this field may not be valid after a SWACT.</description>
   </field>
   <field outputformat="dec">
      <name>Total Fwd Frames</name>
      <datatype>uint32</datatype>
      <description>Total number of forward frames. Information in this field may not be valid after a SWACT.</description>
   </field>
   <field outputformat="dec">
      <name>Bad Rev Frames</name>
      <datatype>uint32</datatype>
      <description>The number of bad reverse frames. Information in this field may not be valid after a SWACT.</description>
   </field>
   <field outputformat="dec">
      <name>Total Rev Frames</name>
      <datatype>uint32</datatype>
      <description>Total number of reverse frames. Information in this field may not be valid after a SWACT.</description>
   </field>
</field>
