<!-- (c) COPYRIGHT 2006 Nortel Networks.  All Rights Reserved -->
<field bscstreamlogschemaversion="3">
   <name>Lock_v1_struct</name>
   <datatype>struct</datatype>
   <displayname>Lock Control Log</displayname>
   <description>This log is generated every time a Streaming Logs Lock action is performed (e.g. if user does a lock from the C-EMS or BSSM). Note that the system  performs an automatic Lock action during software upgrade. A Lock control log is generated even if the system is in an overload or overflow state. The control log for Unlock is the Connection Established control log.</description>
   <field outputformat="dec">
      <name>Last Data Log Sequence # Sent</name>
      <datatype>uint32</datatype>
      <description>Sequence # of last data log attempted to be sent by BSC/EBSC processor.</description>
   </field>
   <field maxlength="80" outputformat="string">
      <name>AdditionalText</name>
      <datatype>string</datatype>
      <description>Additional text info. Could contain the following reasons for a lock:
* User Initiated Lock Action (EBSC only)
* Software Migration</description>
      <lengthheader>
         <field outputformat="dec">
            <name>Additional Text Length</name>
            <datatype>uint8</datatype>
            <description>The length of the Additional Text array (in bytes)</description>
         </field>
      </lengthheader>
   </field>
</field>
