<!-- (c) COPYRIGHT 2006 Nortel Networks.  All Rights Reserved -->
<field priority="1" bscstreamlogschemaversion="2">
   <name>LogCallSummary_v2_struct</name>
   <datatype>struct</datatype>
   <displayname>LogCallSummary</displayname>
   <description>This log provides a summary log for each call processed by the BSC/EBSC selector function. Provides the summary of conditions for a call at the call setup and call release and certain in-call statistics. The log is generated at the end of a call.  This log is generated on an ACP/ESEL.</description>
   <field>
      <name>Call Setup Type</name>
      <datatype>LOGCALLDATA_CallSetupType</datatype>
      <description>Reflects the type of the call at setup.
- Mobile Originated
- Mobile Terminated
- Hard Handoff.  Information in this field may not be valid after a SWACT (default will be Mobile Originated).</description>
   </field>
   <field>
      <name>Call Setup Status</name>
      <datatype>LOGCALLDATA_CallSetupStatus</datatype>
      <description>Flag (Success or Failure) to tell whether call was successfully setup or not. This field is always the value of Success after a SWACT (only calls successfully setup can survive a SWACT).For data calls which fail to establish the RP connection to PDSN, the value will be marked as Call Setup Status = Setup Success, Call Release Type = Network Initiated and the MTX CDR CFE = Null-to-Active RP Failure After Setup. Note that there will be a PSST in this log but no LogDataSessionUsageSummary Log will be generated due to the RP session setup failure. </description>
   </field>
   <union discriminant="Call Setup Status" outputdiscriminant="no">
      <name>CallStateFailure_Union</name>
      <case value="LOGCALLDATA_SETUP_FAILURE">
         <field>
            <name>Call State Failure Info</name>
            <datatype>CallStateFailure_Struct</datatype>
            <description>Call state failure reasons. Not present if call setup successful. Information in this field may not be valid after a SWACT.</description>
         </field>
      </case>
      <case value="default">
      </case>
   </union>
   <field>
      <name>Service Option</name>
      <datatype>ACLSPTYP_SERVICE_OPTIONEnum</datatype>
      <description>Reflects the service option of the call</description>
   </field>
   <field>
      <name>Radio Configuration</name>
      <datatype>RadioConfigurationType</datatype>
      <description>The forward radio configuration agreed to after BSC-BTS negotiation.</description>
   </field>
   <field>
      <name>Call Release Type</name>
      <datatype>LOGCALLDATA_CallRelType</datatype>
      <description>Reflect the type of the call release:
- Mobile Initiated Normal Release
- Network Initiated Normal Release
- Hard Handoff Normal Release
- Abnormal Release
</description>
   </field>
   <union discriminant="Call Release Type" outputdiscriminant="no">
      <name>CallReleaseFailure_Union</name>
      <case value="LOGCALLDATA_Abnormal">
         <field>
            <name>Abnormal Call Release Info</name>
            <datatype>AbnormalCallRelease_Struct</datatype>
            <description>Call release failure reasons. Not present if call release successful.</description>
         </field>
      </case>
      <case value="default">
      </case>
   </union>
   <field outputformat="dec">
      <name>Call Drop Timer Value</name>
      <datatype>uint8</datatype>
      <description>At the call release the value of call Drop Timer indicates the time passed from the last successfully received frame. This is the configured drop (erasure count) timer value.</description>
   </field>
   <field>
      <name>FCH FER Summary</name>
      <datatype>FCH_FER_Summary_Struct</datatype>
      <description>Summary of Frame Error Rate in FCH. Information in this field may not be valid after a SWACT.</description>
   </field>
   <field>
      <name>Resource Format</name>
      <datatype>LOGCALLDATA_ResourceFormat</datatype>
      <description>Reflects Resource format used.

Note:
EBSC_VoicePlusOther calls that undergo a SWACT will become EBSC_Voice designated call unless another data burst occurrence with the voice call takes place (e.g. voice plus SMS) after the SWACT. </description>
   </field>
   <union discriminant="Resource Format" outputdiscriminant="no">
      <name>ResourceData_Union</name>
      <case value="LOGCALLDATA_EBSC_Voice">
         <field>
            <name>EBSC Voice Path Info</name>
            <datatype>EBSC_VoicePath_Struct</datatype>
            <description>EBSC Voice Path Info</description>
         </field>
      </case>
      <case value="LOGCALLDATA_EBSC_VoicePlusOther">
         <field>
            <name>EBSC Voice Path Info</name>
            <datatype>EBSC_VoicePath_Struct</datatype>
            <description>EBSC Voice Path Info</description>
         </field>
      </case>
      <case value="LOGCALLDATA_EBSC_Data">
         <field outputformat="hex">
            <name>Packet Session Start Time</name>
            <datatype>uint32</datatype>
            <description>This value when combined with the IMSI allows correlation of these logs for the same data session on a BSC or EBSC.  This value and the IMSI are also present in the LogDataSessionUsageSummary log.</description>
         </field>
      </case>
      <case value="LOGCALLDATA_EBSC_DataPlusOther">
         <field outputformat="hex">
            <name>Packet Session Start Time</name>
            <datatype>uint32</datatype>
            <description>This value when combined with the IMSI allows correlation of these logs for the same data session on a BSC or EBSC.  This value and the IMSI are also present in the LogDataSessionUsageSummary log.</description>
         </field>
      </case>
      <case value="LOGCALLDATA_BSC_Voice">
         <field>
            <name>SBS Voice Path Info</name>
            <datatype>SBS_VoicePath_Struct</datatype>
            <description>SBS Voice Path Info</description>
         </field>
      </case>
      <case value="LOGCALLDATA_BSC_VoicePlusOther">
         <field>
            <name>SBS Voice Path Info</name>
            <datatype>SBS_VoicePath_Struct</datatype>
            <description>SBS Voice Path Info</description>
         </field>
      </case>
      <case value="LOGCALLDATA_BSC_Data">
         <field outputformat="hex">
            <name>Packet Session Start Time</name>
            <datatype>uint32</datatype>
            <description>This value when combined with the IMSI allows correlation of these logs for the same data session on a BSC or EBSC.  This value and the IMSI are also present in the LogDataSessionUsageSummary log.</description>
         </field>
      </case>
      <case value="LOGCALLDATA_BSC_DataPlusOther">
         <field outputformat="hex">
            <name>Packet Session Start Time</name>
            <datatype>uint32</datatype>
            <description>This value when combined with the IMSI allows correlation of these logs for the same data session on a BSC or EBSC.  This value and the IMSI are also present in the LogDataSessionUsageSummary log.</description>
         </field>
      </case>
      <case value="default">
      </case>
   </union>
   <field outputformat="hex">
      <name>Service Address</name>
      <datatype>uint32</datatype>
      <description>DSFP-v: This is the IP of the Media Gateway. Currently 2pVS card is used as the Media Gateway.
DSFP-d: PCU ACN Address reflects the address of the PCU was involved in the call. This field is only applicable for service options that utilize a trunk for a data call from the EBSC/DSFP-D.
SBS: This reflects address of the GRR or PCU
TrFO2: This reflects the MGIPAddress</description>
   </field>
   <field outputformat="hex">
      <name>Service Port</name>
      <datatype>uint16</datatype>
      <description>DSFP-v: This is the UDP port of the MG. Currently 2pVS card is used as MG
DSFP-d: This reflects address of the service option manager within the selector element card.
SBS: ACN address port
TrFO2: This reflects the MGUdpPort</description>
   </field>
   <field outputformat="binary">
      <name>Payload Parameter Flags</name>
      <datatype>PayloadParamFlags</datatype>
      <description>Indicates which optional parameters are included in the payload.</description>
   </field>
   <union discriminant="Payload Parameter Flags" bitref="SLOG_CARD_SWACT_HAS_OCCURRED">
      <name>CardSWACT_Union</name>
      <case value="1">
         <field outputformat="bool">
            <name>SWACT While Call in Progress</name>
            <datatype>bool</datatype>
            <description>If true then card has SWACTed during this call. Can be used to gauge the accuracy of various other log fields which may not be valid if the card has SWACTed. Note that this field and all other SWACT-related fields do not apply to the BSC.</description>
         </field>
      </case>
      <case value="default">
      </case>
   </union>
   <field>
      <name>MCTA Info</name>
      <datatype>MCTA_Struct</datatype>
      <description>Summary of MCTA information. Selected Carrier Info is not present where the call originates or terminates due to Crossband Mobile Origination or Crossband Mobile Termination (Paging Channel Redirect). Information in this field may not be valid after a SWACT. </description>
   </field>
   <field>
      <name>Initial Active Set</name>
      <datatype>LCS_ActiveSet_Struct</datatype>
      <description>Iniital Active Set Info. Information in this field may not be valid after a SWACT.</description>
   </field>
   <field>
      <name>MEID Info</name>
      <datatype>MEID_Struct</datatype>
      <description></description>
   </field>
   <union discriminant="Payload Parameter Flags" bitref="SLOG_INIT_ACTIVE_SET_NE_FINAL_ACTIVE_SET">
      <name>Final_Active_Set_Union</name>
      <case value="1">
         <field>
            <name>Final Active Set</name>
            <datatype>LCS_ActiveSet_Struct</datatype>
            <description>Final Active Set. Not present if Initial Active Set is the same as Final Active Set. If the Initial Active Set is all zeros then no Initial Active Set exists (and obviously no Final Active Set exists).</description>
         </field>
      </case>
      <case value="default">
      </case>
   </union>
   <union discriminant="Payload Parameter Flags" bitref="SLOG_HHO_HAS_OCCURRED">
      <name>HHO_Trigger_Info_Union</name>
      <case value="1">
         <field>
            <name>HHO Trigger Info</name>
            <datatype>HHO_Trigger_Struct</datatype>
            <description>Hard HandOff (HHO) Trigger information. This field is output from the HHO source BSC. Not present if no HHO occurred. This field may not be output after a SWACT.</description>
         </field>
      </case>
      <case value="default">
      </case>
   </union>
   <field outputformat="dec">
      <name>Mobile P_REV</name>
      <datatype>uint8</datatype>
      <description>Protocol Revision of the Moble</description>
   </field>
   <field outputformat="dec">
      <name>P_REV In Use</name>
      <datatype>uint8</datatype>
      <description>Actual Protocol Revision being used.</description>
   </field>
   <field>
      <name>Fwd Traffic Channel Digital Gain Info</name>
      <datatype>FwdGain_Struct</datatype>
      <description>Average and Variance of Forward Traffic Channel Digital Gain. Information in this field may not be valid after a SWACT.

Average of forward traffic channel digital gain is defined as the sum of the FwdGains over the total number of forward frames.

The calculation of the average of forward traffic channel digital gain using the information from this field may be done as follows:

Average of forward traffic channel digital gain
= Fwd Traffic Channel Digital Gain Info::Sum / Sum of[Fwd Traffic Channel Digital Gain Info::Bin::Number of Frames in the range]</description>
   </field>
   <field>
      <name>Reverse Receive Threshold Info</name>
      <datatype>RevReceiveThreshold_Struct</datatype>
      <description>Average and Variance of Reverse Receive Threshold. Information in this field may not be valid after a SWACT.

Average  reverse receive threshold for reverse traffic channel is defined as the sum of the Reverse Receive Thresholds over the total number of reverse frames.

The calculation of the average reverse receive threshold using the information from this field may be done as follows:

Average  reverse receive threshold
= Reverse Receive Threshold Info::Sum / Sum of[Reverse Receive Threshold Info::Bin::Number of Frames in the range]</description>
   </field>
   <field outputformat="dec">
      <name>Sum of FCH Handoff Legs Factors</name>
      <datatype>uint16</datatype>
      <description>Number of FCH handoff legs (sectors per call) * Time duration for legs. Information in this field may not be valid after a SWACT.

The calculation of the average number of FCH handoff legs (sectors per call) weighted by handoff time may be done using the formula: 

= Sum of FCH Handoff Legs Factors / Handoff Time

Example of how the Sum of FCH Handoff Legs Factors is computed by the system:

Call 
Start/(tX) -----tY-----tZ---->Ended(tE)

Time Legs
------ -------
tX     2 Legs(initial)  
tY     3 Legs 
tZ      1 Leg 
tE      1 Leg last to end of call

Sum of FCH handoff legs factors = Sum ((sectors per call) * (Time duration of legs))

Sum FCH handoff legs factors = 2*(tY-tX) + 3*(tZ-tY)+1*(tE-tZ) 

Note that this field has 16 bit precision (0-65535) and may overflow for unusual call scenarios where the duration in seconds may be unusually large (see formula above).</description>
   </field>
   <field outputformat="dec">
      <name>Sum of FCH handoff CE Factors</name>
      <datatype>uint16</datatype>
      <description>Number of handoff resources (CEs per call) * Time duration for CEs. Information in this field may not be valid after a SWACT.

The calculation of  the average number of handoff resources (CEs per call), weighted by handoff time using the information from this field may be done as follows:

Average number of handoff resources (CEs per call), weighted by handoff time
= (Sum of FCH handoff CE Factors) / (Handoff Time)

Example of how the Sum of FCH handoff CE Factors is computed by the system:

Call
Start/(tX) -----tY-----tZ---->Ended(tE)

Time CEs
------ -------
tX     2 CEs(initial)  
tY     3 CEs 
tZ      1 CE 
tE      1 CE last to end of call

Sum of CE factors = Sum ((CEs per call) * (Time duration for CEs))

Sum of CE factors = 2*(tY-tX) + 3*(tZ-tY)+1*(tE-tZ) 

Note that this field has 16 bit precision (0-65535) and may overflow for unusual call scenarios where the duration in seconds may be unusually large (see formula above).</description>
   </field>
   <field outputformat="dec">
      <name>Active Set Radio Link Call Duration</name>
      <datatype>uint16</datatype>
      <description>This is the call duration time in seconds from the point of getting the initial active set to end of the call. Information in this field may not be valid after a SWACT.</description>
   </field>
   <field>
      <name>Forward Link Tx Power</name>
      <datatype>FwdLinkEffectiveActivityFactor_Struct</datatype>
      <description>Forward Link Tx Power weighted by frame rate (effective activity factor) information. Information in this field may not be valid after a SWACT.

Information from this field can be used to calculate the Forward link Tx power weighted by frame rate (effective activity factor) as follows: 

Forward link Tx power weighted by frame rate (effective activity factor) 
= sqrt(Sum of squares of Forward Gain with full frame rate)*1 
+ (Sum of squares of Forward Gain  with half frame rate)*0.5 
+ (Sum of squares of Forward Gain  with quarter frame rate)*0.25 
+ (Sum of squares of Forward Gain with eighth frame rate)*0.125 )
/Total Frame Count)

Example:

(Forward Digital Gain, Frame Rate)
2, 1/2 
4, 1/4 
6, 1/2 
8, 1/4 
10, full 
12, full 
1, 1/8 

Forward link Tx power weighted by frame rate (effective activity factor) =
sqrt(((10*10+12*12)*1 + (2*2+6*6)*0.5 + (4*4+8*8)*0.25 + (1*1)*0.125)/7)</description>
   </field>
   <field>
      <name>Reverse Receive Threshold</name>
      <datatype>RevReceiveThresholdEffectiveActivityFactor_Struct</datatype>
      <description>Reverse Receive Threshold weighted by frame rate (effective activity factor). Information in this field may not be valid after a SWACT.

Information in this field may be used to calculate the Reverse Receive Threshold weighted by frame rate (effective activity factor) as follows: 

Reverse link reverse receive threshold  weighted by frame rate (effective activity factor)
= ((Sum of Threshold with full frame rate)*1 
+ (Sum of Threshold with half frame rate)*0.5 
+ (Sum of Threshold with quarter frame rate)*0.25
+ (Sum of Threshold with eighth frame rate)*0.125 )/Total Frame Count

Note: Erasure frame is regarded having same frame rate with the previous frame.

Example:
(Reverse Receive Threshold, Frame Rate)
2, 1/2 
4, 1/4 
6, 1/2 
8, 1/4 
10, full 
12, full 
1, erasure 
1, 1/8 

Reverse link reverse receive threshold  weighted by frame rate (effective activity factor)
= ((10+12 + 1)*1 + (2+6)*0.5 + (4+8)*0.25 + (1)*0.125)/8</description>
   </field>
   <field>
      <name>CASHOPilotPhaseInfo</name>
      <datatype>variableArray</datatype>
      <description>Pilot phase information for each pilot reported in the Origination or Page Response message, if CAMSHO is active. The first entry is the reference pilot. Information in this field may not be valid after a SWACT.</description>
      <lengthheader>
         <field outputformat="dec">
            <name>PN Count</name>
            <datatype>uint8</datatype>
            <description>PN count: maximum is 6. The 0 value indicates that no additional pilots were reported by a mobile.</description>
         </field>
      </lengthheader>
      <arrayelementtype>uint16</arrayelementtype>
   </field>
   <union discriminant="Payload Parameter Flags" bitref="SLOG_SF_RX_POWER_VALUE_PRESENT">
      <name>SF_RX_PWR_Union</name>
      <case value="1">
         <field>
            <name>SF_RX_PWR Info</name>
            <datatype>SF_RX_PWR_Struct</datatype>
            <description>SF_RX_PWR Information (SF_RX_PWR and Timestamp). Valid after a SWACT if PPSMM received after the SWACT. </description>
         </field>
      </case>
      <case value="default">
      </case>
   </union>
   <union discriminant="Payload Parameter Flags" bitref="SLOG_MCTA_CARRIER_BLOCKING">
      <name>MCTA_Carriers_Block_Info_V2_Union</name>
      <case value="1">
         <field>
            <name>MCTACarriersBlockingInfo</name>
            <datatype>variableArray</datatype>
            <description>Info on MCTA Carriers Blocking. Only present if the MCTA Carriers Blocking flag is set. This field may not be output after a SWACT.</description>
            <lengthheader>
               <field outputformat="dec">
                  <name>Number Blocking Reasons</name>
                  <datatype>uint8</datatype>
                  <description>The number of MCTA carriers blocking reasons.</description>
               </field>
            </lengthheader>
            <arrayelementtype>SLOG_V2_MCTACarriersBlocking_Struct</arrayelementtype>
         </field>
      </case>
      <case value="default">
      </case>
   </union>
   <union discriminant="Payload Parameter Flags" bitref="SLOG_SCH_ALLOCATED">
      <name>Fwd_Rev_FER_Union</name>
      <case value="1">
         <field>
            <name>Fwd_RevFERInfo</name>
            <datatype>variableArray</datatype>
            <description>SCH FER info: only present if SCH has been allocated for the call.  Information in this field may not be valid after a SWACT.</description>
            <lengthheader>
               <field outputformat="dec">
                  <name>NumberSCH_Rates</name>
                  <datatype>uint8</datatype>
                  <description>The number of SCH rates</description>
               </field>
            </lengthheader>
            <arrayelementtype>FwdRevSCH_FER_Struct</arrayelementtype>
         </field>
      </case>
      <case value="default">
      </case>
   </union>
   <union discriminant="Payload Parameter Flags" bitref="SLOG_IS_EVRCB_CALL">
      <name>EVRCB_Data_Union</name>
      <case value="1">
         <field>
            <name>EVRCB Info  </name>
            <datatype>EVRCBInfo_Struct</datatype>
            <description>EVRCB Information. Information in this field may not be valid after a SWACT.</description>
         </field>
      </case>
      <case value="default">
      </case>
   </union>
   <union discriminant="Payload Parameter Flags" bitref="SLOG_IS_TRFO_CALL">
      <name>TrFO2_Data_Union</name>
      <case value="1">
         <field>
            <name>TrFO_Data</name>
            <datatype>TrFO_Struct</datatype>
            <description>TrFO Information. Information in this field may not be valid after a SWACT. RESERVED FOR FUTURE USE</description>
         </field>
      </case>
      <case value="default">
      </case>
   </union>
</field>
