<!-- (c) COPYRIGHT 2006 Nortel Networks.  All Rights Reserved -->
<field priority="2" bscstreamlogschemaversion="2">
   <name>NLTA_v1_struct</name>
   <datatype>struct</datatype>
   <displayname>LogNeighborListTuningArray</displayname>
   <description>This log provides a summary of the information reported by the mobile in a Pilot Strength Measurement Message (PSMM) and the mapping of each reported PN into an extended base ID. The log is generated each time a PSMM is received or if additional links are setup during call setup. This log is generated on an ACP/ESEL.</description>
   <field>
      <name>NeighborList</name>
      <datatype>variableArray</datatype>
      <description>Neighbor list information for all neighbors</description>
      <lengthheader>
         <field outputformat="dec">
            <name>Neighbor Count</name>
            <datatype>uint8</datatype>
            <description>Neighbor Count</description>
         </field>
      </lengthheader>
      <arrayelementtype>NLTA_NeighborList_Struct</arrayelementtype>
   </field>
</field>
