<!-- (c) COPYRIGHT 2006 Nortel Networks.  All Rights Reserved -->
<field bscstreamlogschemaversion="2">
   <name>QueueOverflow_v1_struct</name>
   <datatype>struct</datatype>
   <displayname>Queue Overflow Control Log</displayname>
   <description>This log is generated when Streaming Logs starts overwriting logs in its circular queue. This is a more severe condition of the queue threshold reached condition. Generated to inform the customer at which point in the sequence numbering that there will be sequence number gaps.</description>
   <field outputformat="dec">
      <name>Last Data Log Sequence # Sent</name>
      <datatype>uint32</datatype>
      <description>Sequence # of last data log attempted to be sent by BSC/EBSC processor.</description>
   </field>
   <field maxlength="80" outputformat="string">
      <name>AdditionalText</name>
      <datatype>string</datatype>
      <description>Additional text info </description>
      <lengthheader>
         <field outputformat="dec">
            <name>Additional Text Length</name>
            <datatype>uint8</datatype>
            <description>The length of the Additional Text array (in bytes)</description>
         </field>
      </lengthheader>
   </field>
</field>
