<!-- (c) COPYRIGHT 2006 Nortel Networks.  All Rights Reserved -->
<field bscstreamlogschemaversion="2">
   <name>QueueThreshold_v1_struct</name>
   <datatype>struct</datatype>
   <displayname>Queue Threshold Control Log</displayname>
   <description>This log is generated everytime the queue utilization reaches an engineered threshold value at which point we start dropping low priority logs. Sequence number info is provided so that user knows at which sequence number low priority logs started being suppressed. Note that low priority logs may still be in the queue when the threshold is reached. These will still be sent out; the restrictions on low priority logs will apply only to new logs being generated at the time the queue threshold is reached.</description>
   <field outputformat="dec">
      <name>Data Log Sequence # Before Log Suppression</name>
      <datatype>uint32</datatype>
      <description>Sequence # of last data log after which low priority logs are suppressed. Note that there may be low priority logs still in the queue with sequence numbers that are lower than this value which will still be sent out. However no new low priority logs are generated and sent after this sequence number (until the queue threshold condition abates).</description>
   </field>
   <field maxlength="80" outputformat="string">
      <name>AdditionalText</name>
      <datatype>string</datatype>
      <description>Additional text info </description>
      <lengthheader>
         <field outputformat="dec">
            <name>Additional Text Length</name>
            <datatype>uint8</datatype>
            <description>The length of the Additional Text array (in bytes)</description>
         </field>
      </lengthheader>
   </field>
</field>
