<!-- (c) COPYRIGHT 2006 Nortel Networks.  All Rights Reserved -->
<field bscstreamlogschemaversion="2">
   <name>QueueThresholdAbated_v1_struct</name>
   <datatype>struct</datatype>
   <displayname>Queue Threshold Abated Control Log</displayname>
   <description>This log is generated when the queue utilization above the engineering threshold value has abated. The next Sequence # to be used indicates the point at which sequence numbering should no longer have gaps and previously suppressed low priority logs may now be expected in the stream.</description>
   <field outputformat="dec">
      <name>Next Data Log Sequence # to be used</name>
      <datatype>uint32</datatype>
      <description>Sequence # of next data log to be used. Useful for if the queue had started overwriting logs: indicates the point at which sequence numbering becomes normal once more. Also indicates sequence number from which low priority logs are sent once more. </description>
   </field>
   <field outputformat="dec">
      <name>Overflow Count</name>
      <datatype>uint16</datatype>
      <description>Count of logs overwritten in the time during which Streaming Logs had been over the queue threshold.  This value could be zero if the queue never overflowed.</description>
   </field>
   <field maxlength="80" outputformat="string">
      <name>AdditionalText</name>
      <datatype>string</datatype>
      <description>Additional text info </description>
      <lengthheader>
         <field outputformat="dec">
            <name>Additional Text Length</name>
            <datatype>uint8</datatype>
            <description>The length of the Additional Text array (in bytes)</description>
         </field>
      </lengthheader>
   </field>
</field>
