<!-- (c) COPYRIGHT 2006 Nortel Networks.  All Rights Reserved -->
<field priority="2" bscstreamlogschemaversion="2">
   <name>LogRoundTripDelay_v1_struct</name>
   <datatype>struct</datatype>
   <displayname>LogRoundTripDelay</displayname>
   <description>This log provides information on EarliestPNOffset and extended base id for each pilot in the active set reported every 30 seconds.  This log is generated on an ACP/ESEL.</description>
   <field outputformat="hex">
      <name>Reference Base Id</name>
      <datatype>uint32</datatype>
      <description>The extended base id of the reference pilot.</description>
   </field>
   <field>
      <name>RTDArray</name>
      <datatype>variableArray</datatype>
      <description>Round trip delay info for all pilots</description>
      <lengthheader>
         <field outputformat="dec">
            <name>Count of Pilots</name>
            <datatype>uint8</datatype>
            <description>The number of pilots in the current active set</description>
         </field>
      </lengthheader>
      <arrayelementtype>RTD_Struct</arrayelementtype>
   </field>
</field>
