<!-- (c) COPYRIGHT 2006 Nortel Networks.  All Rights Reserved -->
<field bscstreamlogschemaversion="3">
   <name>SBS_ControlHeader_v1_struct</name>
   <datatype>struct</datatype>
   <displayname>SBS Control Header</displayname>
   <description>The SBS Control Log header is present for all Streaming Logs Control Logs originating from a BSC (SBS).</description>
   <field outputformat="ipaddress">
      <name>CSP Id</name>
      <datatype>uint32</datatype>
      <description>Uniquely identifies the CSP managing the group of CDMA nodes. It is strongly recommended that the customer configure a CSP ID value that allows unique identification of the CSP in the customer network. The CSP IP address might not be a suitable value if this IP address is not unique in the customer network (e.g. if Network Address Translation is used for CSP IP addresses).  The customer may configure any 32 bit value as the CSP ID. </description>
   </field>
   <field>
      <name>SBS Id</name>
      <datatype>SBS_SourceId_Struct</datatype>
      <description>ESEL or SCI-S OID. Can convert to FDN using FDN mapping table supplied by the CSP to the customer log server</description>
   </field>
</field>
