<!-- (c) COPYRIGHT 2006 Nortel Networks.  All Rights Reserved -->
<field bscstreamlogschemaversion="3">
   <name>SBS_Header_v1_struct</name>
   <datatype>struct</datatype>
   <displayname>SBS Header</displayname>
   <description>The SBS Data Log header is present for all CSL II Data Logs originating from a BSC (SBS).</description>
   <field outputformat="ipaddress">
      <name>CSP Id</name>
      <datatype>uint32</datatype>
      <description>Uniquely identifies the CSP managing the group of CDMA nodes. It is strongly recommended that the customer configure a CSP ID value that allows unique identification of the CSP in the customer network. The CSP IP address might not be a suitable value if this IP address is not unique in the customer network (e.g. if Network Address Translation is used for CSP IP addresses).  The customer may configure any 32 bit value as the CSP ID. </description>
   </field>
   <field>
      <name>SBS Source Identifier</name>
      <datatype>SBS_SourceId_Struct</datatype>
      <description>ESEL or SCI-S OID. Can convert to FDN using FDN mapping table supplied by the CSP to the customer log server</description>
   </field>
   <field outputformat="binary">
      <name>SBS Parameter Flags</name>
      <datatype>SBSParameterFlags</datatype>
      <description>Indicates which optional parameters are included in the SBS log header.</description>
   </field>
   <union discriminant="SBS Parameter Flags" bitref="SLOG_FORMAT_LA_HAS_CALLID">
      <name>CallID_Union</name>
      <case value="1">
         <field outputformat="hex">
            <name>Call ID</name>
            <datatype>uint64</datatype>
            <description>A unique identifier that is assigned at the time of call setup. Present only if Call ID Exists set.</description>
         </field>
      </case>
      <case value="default">
      </case>
   </union>
   <union discriminant="SBS Parameter Flags" bitref="SLOG_FORMAT_LA_HAS_CORR_ID">
      <name>CorrID_Union</name>
      <case value="1">
         <field>
            <name>Correlation ID</name>
            <datatype>fixedByteArray</datatype>
            <arraysize>5</arraysize>
            <description>Correlates MTX CDRs with Access logs. Present only if Correlation ID Exists set</description>
         </field>
      </case>
      <case value="default">
      </case>
   </union>
   <union discriminant="SBS Parameter Flags" bitref="SLOG_FORMAT_LA_HAS_IMSI">
      <name>IMSI_Union</name>
      <case value="1">
         <field>
            <name>IMSI </name>
            <datatype>IMSI_Struct</datatype>
            <description>IMSI of the mobile. Contains count of number of BCD digits, byte count and the IMSI digit array. Each digit corresponds to a nibble in the byte array; ignore pad bits that do not correspond to the number of digits. Present only if IMSI Exists set.</description>
         </field>
      </case>
      <case value="default">
      </case>
   </union>
   <union discriminant="SBS Parameter Flags" bitref="SLOG_FORMAT_LA_HAS_ESN">
      <name>ESN_Union</name>
      <case value="1">
         <field outputformat="hex">
            <name>ESN</name>
            <datatype>uint32</datatype>
            <description>Electronic Serial Number. Present only if ESN Exists set.</description>
         </field>
      </case>
      <case value="default">
      </case>
   </union>
   <union discriminant="SBS Parameter Flags" bitref="SLOG_FORMAT_LA_HAS_MEID">
      <name>MEID_Union</name>
      <case value="1">
         <field outputformat="hex">
            <name>MEID</name>
            <datatype>uint64</datatype>
            <description>Mobile Equipment Identifier. Present only if MEID Exists set.</description>
         </field>
      </case>
      <case value="default">
      </case>
   </union>
   <union discriminant="SBS Parameter Flags" bitref="SLOG_FORMAT_LA_HAS_FRAME_SHELF_CARD">
      <name>Frame_Shelf_Card_Union</name>
      <case value="1">
         <field>
            <name>Frame_Shelf_Card_Info</name>
            <datatype>Frame_Shelf_Card_Struct</datatype>
            <description>The physical frame, shelf and card where the card is located. Present only if Frame Shelf and Card Exists set. </description>
         </field>
      </case>
      <case value="default">
      </case>
   </union>
   <union discriminant="SBS Parameter Flags" bitref="SLOG_FORMAT_LA_HAS_DSP_ID">
      <name>DSPID_Union</name>
      <case value="1">
         <field outputformat="hex">
            <name>DSP ID</name>
            <datatype>uint8</datatype>
            <description>The DSP that served this call. Present only if DSP ID Exists set. </description>
         </field>
      </case>
      <case value="default">
      </case>
   </union>
</field>
