<!-- (c) COPYRIGHT 2006 Nortel Networks.  All Rights Reserved -->
<field priority="2" bscstreamlogschemaversion="2">
   <name>LogSCHActiveSetChange_v1_struct</name>
   <datatype>struct</datatype>
   <displayname>LogSCHActiveSetChange</displayname>
   <description>This log reflects the SCH active set for the call whenever it changes.  This log is generated on an ACP/ESEL.</description>
   <field outputformat="hex">
      <name>Channel Type</name>
      <datatype>SLOG_SCH_ChannelType</datatype>
      <description>Type of channel e.g. RSCH etc.</description>
   </field>
   <field outputformat="hex">
      <name>Reference Base Id</name>
      <datatype>uint32</datatype>
      <description>The extended base id of the reference pilot.</description>
   </field>
   <field>
      <name>SCHActiveSetChangeArray</name>
      <datatype>variableArray</datatype>
      <description>Active set information for SCH</description>
      <lengthheader>
         <field outputformat="dec">
            <name>Count of Pilots</name>
            <datatype>uint8</datatype>
            <description>The number of pilots in the current active set</description>
         </field>
      </lengthheader>
      <arrayelementtype>ActiveSetChangePilot_Struct</arrayelementtype>
   </field>
</field>
