<!-- (c) COPYRIGHT 2006 Nortel Networks.  All Rights Reserved -->
<field bscstreamlogschemaversion="3">
   <name>SLCpuOvld_v1_struct</name>
   <datatype>struct</datatype>
   <displayname>SL CPU Overload Control Log</displayname>
   <description>(1) Generated when CSL II detects CPU overload and is in the unlocked and enabled state (2) Last Sequence # Sent is sent in case log was lost between EMS and log server (3) The TCP/ACN connection remains open, but no logs will be generated and no logs will be sent (4) Note that logs may still be in the queue when CPU overload occurs which will be sent at a later date when CPU overload abates.</description>
   <field outputformat="dec">
      <name>Last Data Log Sequence # Sent</name>
      <datatype>uint32</datatype>
      <description>Sequence # of last data log attempted to be sent by BSC/EBSC processor.</description>
   </field>
   <field maxlength="80" outputformat="string">
      <name>AdditionalText</name>
      <datatype>string</datatype>
      <description>Additional text info </description>
      <lengthheader>
         <field outputformat="dec">
            <name>Additional Text Length</name>
            <datatype>uint8</datatype>
            <description>The length of the Additional Text array (in bytes)</description>
         </field>
      </lengthheader>
   </field>
</field>
