<!-- (c) COPYRIGHT 2006 Nortel Networks.  All Rights Reserved -->
<field bscstreamlogschemaversion="2">
   <name>SLCpuOvldAbated_v1_struct</name>
   <datatype>struct</datatype>
   <displayname>SL CPU Overload Abated Control Log</displayname>
   <description>Generated when Second Level CPU overload has abated.</description>
   <field outputformat="dec">
      <name>Number of Data Logs Not Generated</name>
      <datatype>uint16</datatype>
      <description>Number of data logs not generated as a result of Second Level CPU overload.</description>
   </field>
   <field maxlength="80" outputformat="string">
      <name>AdditionalText</name>
      <datatype>string</datatype>
      <description>Additional text info </description>
      <lengthheader>
         <field outputformat="dec">
            <name>Additional Text Length</name>
            <datatype>uint8</datatype>
            <description>The length of the Additional Text array (in bytes)</description>
         </field>
      </lengthheader>
   </field>
</field>
