<!-- (c) COPYRIGHT 2006 Nortel Networks.  All Rights Reserved -->
<slog_datatypes bscstreamlogschemaversion="2">

<!-- Enums for CSLII -->


   <typedef>
      <name>SLOG_V2_ACLRL_MCTAFullReasonEnum</name>
      <datatype>enum8</datatype>
      <displayname>Carrier Blocking Reason</displayname>
      <description></description>
      <values>
         <value name="ACLRL_MCTA_FULL_NOT_FULL" displayname="NOT FULL" description="Available">0x00</value>
         <value name="ACLRL_MCTA_FULL_NO_TRAFFIC_CHANNEL_ELEMENT" displayname="NO TRAFFIC CHANNEL ELEMENT" description="No traffic channel element">0x01</value>
         <value name="ACLRL_MCTA_FULL_NO_WALSH_CODE" displayname="NO WALSH CODE" description="No walsh code">0x02</value>
         <value name="ACLRL_MCTA_FULL_FORWARD_CAPACITY_FULL" displayname="FORWARD CAPACITY FULL" description="Forward capacity full">0x03</value>
         <value name="ACLRL_MCTA_FULL_REVERSE_CAPACITY_FULL" displayname="REVERSE CAPACITY FULL" description="Reverse capacity full">0x04</value>
         <value name="ACLRL_MCTA_FULL_NO_RADIO_CONFIGURATION" displayname="NO RADIO CONFIGURATION" description="No radio configuration">0x05</value>
         <value name="ACLRL_MCTA_FULL_BCN_LINK_EXHAUSTION" displayname="BCN LINK EXHAUSTION" description="BCN link exhaustion">0x06</value>
         <value name="ACLRL_MCTA_FULL_BACKHAUL_LINK_EXHAUSTION" displayname="BACKHAUL LINK EXHAUSTION" description="Backhaul link exhaustion">0x07</value>
         <value name="ACLRL_MCTA_FULL_ACN_NODEID_EXHAUSTION" displayname="ACN NODEID EXHAUSTION" description="ACN node ID exhaustion">0x08</value>
         <value name="ACLRL_MCTAFull_GSRFILTERED" displayname="GSR FILTERING" description="Carriers filtered due to GSR Filtering">0x09</value>
         <value name="ACLRL_MCTAFull_EXCLUDED" displayname="RTD FILTERING" description="Carriers filtered due to RTD Filtering">0x0A</value>
         <value name="ACLRL_MCTA_FULL_TIME_OUT" displayname="BTS TIME OUT" description="Timeout waiting for receipt of Capacity Query response ">0x0B</value>
         <value name="ACLRL_MCTA_FULL_END" displayname="Not Applicable (0x0C)">0x0C</value>
      </values>
   </typedef>


<!-- Bitmaps for CSLII -->




<!-- Structs for CSLII -->


   <typedef>
      <name>SLOG_V2_MCTACarriersBlocking_Struct</name>
      <datatype>struct</datatype>
      <displayname>MCTA Carriers Blocking Info</displayname>
      <description></description>
      <field>
         <name>Blocking Reason</name>
         <datatype>SLOG_V2_ACLRL_MCTAFullReasonEnum</datatype>
         <description></description>
      </field>
      <field outputformat="dec">
         <name>Carriers Blocked</name>
         <datatype>uint8</datatype>
         <description>The number of carriers blocked for current reason</description>
      </field>
   </typedef>


<!-- Constants for CSLII -->



</slog_datatypes>
