<!-- (c) COPYRIGHT 2006 Nortel Networks.  All Rights Reserved -->
<slog_datatypes bscstreamlogschemaversion="3">

<!-- Enums for CSLII -->


   <typedef>
      <name>Slog_V3_ACLSPTYP_ServiceReleaseReason</name>
      <datatype>enum8</datatype>
      <displayname>Service Release Reason</displayname>
      <description></description>
      <values>
         <value name="ACLSPTYP_VOCODER_TO_ACP_TRAFFIC_LOSS" displayname="RMG Interface Bearer Path Loss" description="Service is released due to forward traffic frame lost.">0x00</value>
         <value name="ACLSPTYP_NETWORK_FAILURE" displayname="Network Failure" description="Service is released due to network failure.">0x01</value>
         <value name="ACLSPTYP_TRFO_FIRST_FWD_FRAME_LOSS" displayname="TrFO Bearer Path Loss due to initial timer timeout. " description="Service is released due to first forward traffic frame lost.">0x02</value>
         <value name="ACLSPTYP_ServiceReleaseReason_ENUM_END" displayname="Not Applicable (0xff)" description="The default value.">0xff</value>
      </values>
   </typedef>


<!-- Bitmaps for CSLII -->




<!-- Structs for CSLII -->


   <typedef>
      <name>Selected_Carrier_Info_Struct</name>
      <datatype>struct</datatype>
      <displayname>Selected Carrier Info</displayname>
      <description></description>
      <field outputformat="hex">
         <name>Selected EBID</name>
         <datatype>uint32</datatype>
         <description>The selected extended base id where the call originated or terminated</description>
      </field>
      <field outputformat="dec">
         <name>Selected Relative Capacity</name>
         <datatype>int16</datatype>
         <description>The relative capacity is the estimated capacity of the selected sector carrier.</description>
      </field>
      <field outputformat="dec">
         <name>Selected Frequency Priority</name>
         <datatype>uint8</datatype>
         <description>Reflects the configured parameter of the same name in the Pilot Database on the BSC/EBSC</description>
      </field>
      <field outputformat="bool">
         <name>Downgraded</name>
         <datatype>bool</datatype>
         <description>Indicates that resources were only available for a lower Radio Configuration</description>
      </field>
      <field>
         <name>MCTA Algorithm</name>
         <datatype>ACLRL_MCTA_ALGORITHMType</datatype>
         <description>The MCTA algorithm refers to the algorithm that was utilized for the carrier band selection</description>
      </field>
   </typedef>
   <typedef>
      <name>Slog_V3_MCTA_Struct</name>
      <datatype>struct</datatype>
      <displayname>MCTA Info</displayname>
      <description></description>
      <field outputformat="hex">
         <name>Originating EBID</name>
         <datatype>uint32</datatype>
         <description>The originating extended base id where the call originated or terminated</description>
      </field>
      <field outputformat="bool">
         <name>Outband Decision</name>
         <datatype>bool</datatype>
         <description>If the outband decision value is true, this means that the mobile is re-directed to the alternative frequency band. In this case, the Call Setup Status is set to Success, and the RLM Status is set to Internal Failure.</description>
      </field>
      <field outputformat="bool">
         <name>TCR Enabled</name>
         <datatype>bool</datatype>
         <description>Indicate whether TCR is enabled </description>
      </field>
      <field outputformat="dec">
         <name>Number of Selected Carrier</name>
         <datatype>uint8</datatype>
         <description>Number of cells</description>
      </field>
      <union discriminant="Number of Selected Carrier">
         <name>Selected_Carrier_Info_Union</name>
         <case value="0">
         </case>
         <case value="default">
            <field>
               <name>Selected Carrier Info</name>
               <displayname>Selected Carrier Info</displayname>
               <datatype>Selected_Carrier_Info_Struct</datatype>
               <description></description>
            </field>
         </case>
      </union>
   </typedef>
   <typedef>
      <name>SLOG_V3_AbnormalCallRelease_Struct</name>
      <datatype>struct</datatype>
      <displayname>Abnormal Call Release Info</displayname>
      <description>Call release failure reasons. Not present if call release successful.</description>
      <field>
         <name>RLM Radio Link Drop Reason</name>
         <displayname>Radio Link Drop Indication</displayname>
         <datatype>ACLRL_RLMDropIndReasonEnum</datatype>
         <description>Reflects the RLM radio link drop reason. Not present if call release successful.</description>
      </field>
      <field>
         <name>SOM Service Release Reason</name>
         <displayname>Service Release Reason</displayname>
         <datatype>Slog_V3_ACLSPTYP_ServiceReleaseReason</datatype>
         <description>Reflects the SOM service release reason. Not present if call release successful.</description>
      </field>
   </typedef>


<!-- Constants for CSLII -->



</slog_datatypes>
