<!-- (c) COPYRIGHT 2006 Nortel Networks.  All Rights Reserved -->
<slog_datatypes bscstreamlogschemaversion="8">

<!-- Enums for CSLII -->


   <typedef>
      <name>RadioConfigurationType</name>
      <datatype>enum8</datatype>
      <displayname>Radio Configuration</displayname>
      <description></description>
      <values>
         <value name="ACLRL_NIL" displayname="RC0">0x00</value>
         <value name="ACLRL_RC1" displayname="RC1">0x01</value>
         <value name="ACLRL_RC2" displayname="RC2">0x02</value>
         <value name="ACLRL_RC3" displayname="RC3">0x03</value>
         <value name="ACLRL_RC4" displayname="RC4">0x04</value>
         <value name="ACLRL_RC5" displayname="RC5">0x05</value>
         <value name="ACLRL_RC6" displayname="RC6">0x06</value>
         <value name="ACLRL_RC7" displayname="RC7">0x07</value>
         <value name="ACLRL_RC_ENUM_END" displayname="RC_ENUM_END">0x08</value>
      </values>
   </typedef>
   <typedef>
      <name>LOGCALLDATA_CallSetupType</name>
      <datatype>enum8</datatype>
      <displayname>Call Setup Type</displayname>
      <description></description>
      <values>
         <value name="LOGCALLDATA_Mobile_Originated" displayname="Mobile Originated" description="Mobile originated voice/data call.">0x00</value>
         <value name="LOGCALLDATA_Mobile_Terminated" displayname="Mobile Terminated" description="Mobile terminated voice call or network initiated data call reactivation.">0x01</value>
         <value name="LOGCALLDATA_Hard_Handoff" displayname="Hard Handoff" description="Target side of hard handoff">0x02</value>
         <value name="LOGCALLDATA_Mobile_Originated_PCR" displayname="Crossband Mobile Originated" description="Mobile originated voice/data call setup on a cross band carrier as a result of Paging Channel Redirection method in MMTA Carrier Determination Algorithm. ">0x03</value>
         <value name="LOGCALLDATA_Mobile_Terminated_PCR" displayname="Crossband Mobile Terminated" description="Mobile terminated voice call setup or network initiated data call reactivation on a cross band carrier as a result of Paging Channel Redirection method in MMTA Carrier Determination Algorithm.">0x04</value>
         <value name="LOGCALLDATA_Unknown" displayname="Call setup type unknown" description="Call setup type unknown due to voice call setup failure or parameter missing in call setup request message for data call. This value is also present for a non-packet data first call in the case of the MMTA cross band redirection since Mobile Origination or Mobile Termination is only known once the call is successful setup.">0x05</value>
      </values>
   </typedef>
   <typedef>
      <name>ACLSPTYP_SERVICE_OPTIONEnum</name>
      <datatype>enum16</datatype>
      <displayname>Service Option</displayname>
      <description></description>
      <values>
         <value name="ACLSPTYP_SERVICE_OPTION_INVALID" displayname="Invalid">0x0000</value>
         <value name="ACLSPTYP_SERVICE_OPTION_VOICE" displayname="Voice">0x0001</value>
         <value name="ACLSPTYP_SERVICE_OPTION_LOOPBACK" displayname="LoopBack">0x0002</value>
         <value name="ACLSPTYP_SERVICE_OPTION_ENHANCED_VOICE" displayname="Enhanced Voice">0x0003</value>
         <value name="ACLSPTYP_SERVICE_OPTION_ASYNC_DATA" displayname="Asynchronous Data">0x0004</value>
         <value name="ACLSPTYP_SERVICE_OPTION_GROUP3_FAX" displayname="Group3 Fax">0x0005</value>
         <value name="ACLSPTYP_SERVICE_OPTION_SMS" displayname="SMS">0x0006</value>
         <value name="ACLSPTYP_SERVICE_OPTION_CDPD_PPP" displayname="Cellular Digital Packet Data PPP">0x0008</value>
         <value name="ACLSPTYP_SERVICE_OPTION_144LOOPBACK" displayname="144 LoopBack">0x0009</value>
         <value name="ACLSPTYP_SERVICE_OPTION_144ASYNC_DATA" displayname="144 Asynchronous Data">0x000c</value>
         <value name="ACLSPTYP_SERVICE_OPTION_144GROUP3_FAX" displayname="144 Group3 Fax">0x000d</value>
         <value name="ACLSPTYP_SERVICE_OPTION_SMS_RATESET2" displayname="SMS Rate Set2">0x000e</value>
         <value name="ACLSPTYP_SERVICE_OPTION_IS733_13K" displayname="IS733 13K">0x0011</value>
         <value name="ACLSPTYP_SERVICE_OPTION_OTAPA1" displayname="Over-the-Air Parameter Administration 1">0x0012</value>
         <value name="ACLSPTYP_SERVICE_OPTION_OTAPA2" displayname="Over-the-Air Parameter Administration 2">0x0013</value>
         <value name="ACLSPTYP_SERVICE_OPTION_ANALOG_FAX_IS707" displayname="Analog Fax IS707">0x0014</value>
         <value name="ACLSPTYP_SERVICE_OPTION_144ANALOG_FAX_IS707" displayname="144 Analog Fax IS707">0x0015</value>
         <value name="ACLSPTYP_SERVICE_OPTION_PACKET_PPP" displayname="Packet PPP">0x0021</value>
         <value name="ACLSPTYP_SERVICE_OPTION_LSE_RATESET1" displayname="LSE Rate Set 1">0x0023</value>
         <value name="ACLSPTYP_SERVICE_OPTION_LSE_RATESET2" displayname="LSE Rate Set 2">0x0024</value>
         <value name="ACLSPTYP_SERVICE_OPTION_SMV" displayname="SMV"> 0x0038</value>
         <value name="ACLSPTYP_SERVICE_OPTION_EVRCB" displayname="EVRCB"> 0x0044</value>
         <value name="ACLSPTYP_SERVICE_OPTION_ASYNC_DATA_IS707" displayname="Asynchronous Data IS 707">0x1004</value>
         <value name="ACLSPTYP_SERVICE_OPTION_GROUP3_FAX_IS707" displayname="Group3 Fax IS 707">0x1005</value>
         <value name="ACLSPTYP_SERVICE_OPTION_QCOMM_13KVOICE" displayname="QCOMM 13K Voice">0x8000</value>
         <value name="ACLSPTYP_SERVICE_OPTION_QCOMM_IS96VOICE" displayname="QCOMM IS96 Voice">0x8001</value>
         <value name="ACLSPTYP_SERVICE_OPTION_QCOMM_DATA_SERVICES" displayname="QCOMM Data Service">0x8003</value>
         <value name="ACLSPTYP_SERVICE_OPTION_QCOMM_TDSO" displayname="QCOMM TDSO">0x8008</value>
         <value name="ACLSPTYP_SERVICE_OPTION_QCOMM_OFF_HOOK" displayname="QCOMM OFF HOOK">0x801d</value>
         <value name="ACLSPTYP_SERVICE_OPTION_QCOMM_96MARKOV" displayname="QCOMM 96Markov">0x801e</value>
         <value name="ACLSPTYP_SERVICE_OPTION_QCOMM_144MARKOV" displayname="QCOMM 144Markov">0x801f</value>
      </values>
   </typedef>
   <typedef>
      <name>ACLRL_AirInterfaceStdTypeEnum</name>
      <datatype>enum8</datatype>
      <displayname>Call Type</displayname>
      <description></description>
      <values>
         <value name="ACLRL_2G" displayname="2G" description="Calls using IS-95A, IS-95B, J-STD etc.
P_REV_IN_USE &lt; 6">0x00</value>
         <value name="ACLRL_3G" displayname="3G" description="Calls using IS-2000. P_REV_IN_USE &gt;= 6">0x01</value>
         <value name="ACLRL_AIRINTERFACESTDTYPE_ENUM_END" displayname="Not Applicable (0x02)">0x02</value>
      </values>
   </typedef>
   <typedef>
      <name>LOGCALLDATA_CallSetupStatus</name>
      <datatype>enum8</datatype>
      <displayname>Call Setup Status</displayname>
      <description></description>
      <values>
         <value name="LOGCALLDATA_SETUP_SUCCESS" displayname="Setup Success" description="Call setup successfully">0x00</value>
         <value name="LOGCALLDATA_SETUP_FAILURE" displayname="Setup Failure" description="Call setup failure">0x01</value>
      </values>
   </typedef>
   <typedef>
      <name>ACLRL_RLMStatusEnum</name>
      <datatype>enum8</datatype>
      <displayname>Radio Link Status</displayname>
      <description></description>
      <values>
         <value name="ACLRL_RLM_STATUS_SUCCESS" displayname="Success" description="Radio link is setup successfully.">0x00</value>
         <value name="ACLRL_RLM_STATUS_NOT_READY" displayname="Not Ready" description="ACP / ESEL is not in correct state for radio link setup">0x01</value>
         <value name="ACLRL_RLM_STATUS_RLM_LOCKED" displayname="Locked" description="ACP / ESEL MO is locked">0x02</value>
         <value name="ACLRL_RLM_STATUS_RESRC_NOT_AVAILABLE" displayname="Resource Not Available" description="No resource in BTS (CRM resource request failure)">0x03</value>
         <value name="ACLRL_RLM_STATUS_INTERNAL_FAILURE" displayname="Internal Failure" description="Radio link setup failure caused by ACP / ESEL internal software error">0x04</value>
         <value name="ACLRL_RLM_STATUS_EXTERNAL_FAILURE" displayname="External Failure" description="Radio link setup failure caused by external components, including:
1. TCE connect failure.
2. Setup forward traffic channel failure.
3. Cannot receive mobile Ack.
4. BTS - BSC message timeout at the BSC for the following messages: Query Cell, Query EBID, and Query BTS Resource.">0x05</value>
         <value name="ACLRL_RLM_STATUS_ENUM_END" displayname="Not Applicable (0x06)">0x06</value>
      </values>
   </typedef>
   <typedef>
      <name>ACLSPTYP_SOMStatusType</name>
      <datatype>enum8</datatype>
      <displayname>Service Connect Status</displayname>
      <description></description>
      <values>
         <value name="ACLSPTYP_SOM_STATUS_SUCCESS" displayname="Success" description="Service connect is successful.">0x00</value>
         <value name="ACLSPTYP_SOM_STATUS_NOT_READY" displayname="Not Ready" description="ACP is not in correct status for service connecting">0x01</value>
         <value name="ACLSPTYP_SOM_STATUS_INTERNAL_FAILURE" displayname="Internal Failure" description="Service connect failure caused by DSFP's internal software error">0x02</value>
         <value name="ACLSPTYP_SOM_STATUS_EXTERNAL_FAILURE" displayname="External Failure" description="Service connect failure caused by external components, including:
1. Receiving service connect response timeout
2. Sending IS95 message failure when performing service negotiation">0x03</value>
         <value name="ACLSPTYP_SOM_STATUS_INTERNAL_RPSETUP_FAILURE" displayname="Internal RP Setup Failure" description="Service connect failure due to RP session setup failure (for data call).">0x04</value>
         <value name="ACLSPTYP_SOM_STATUS_COUNT" displayname="Count">0x05</value>
      </values>
   </typedef>
   <typedef>
      <name>ACLRL_RLMDropIndReasonEnum</name>
      <datatype>enum8</datatype>
      <displayname>Radio Link Drop Indication</displayname>
      <description></description>
      <values>
         <value name="ACLRL_DROPIND_REASON_LOSS_OF_TRAFFIC" displayname="Loss Of Traffic" description="Call drops due to radio link FER exceeding threshold.">0x00</value>
         <value name="ACLRL_DROPIND_REASON_HCM_TIMEOUT" displayname="HCM Timeout" description="Call drops due to not receiving HandoffComplete message.">0x01</value>
         <value name="ACLRL_DROPIND_REASON_RLM_LOCKED" displayname="Radio Link Locked" description="Call drops due to locking ACP / ESEL MO.">0x02</value>
         <value name="ACLRL_DROPIND_REASON_TCE_LOCKED" displayname="TCE Locked" description="Call drops due to locking CEM MO on BTS">0x03</value>
         <value name="ACLRL_DROPIND_REASON_TRUNK_PROBLEM" displayname="Trunk Problem" description="Call drops due to trunk failure">0x04</value>
         <value name="ACLRL_DROPIND_REASON_SELECTOR_PROBLEM" displayname="Selector Problem" description="Call drops due to ACP / ESEL selector internal software failure.">0x05</value>
         <value name="ACLRL_DROPIND_REASON_PDSN_PROBLEM" displayname="PDSN Problem" description="Call drops due to packet session failure">0x06</value>
         <value name="ACLRL_DROPIND_REASON_BTS_PREEMPTION" displayname="BTS Preemption" description="BTS drops the SCH when performing preemption.">0x07</value>
         <value name="" displayname="Not Applicable (0xff)" description="The default value.">0xff</value>
      </values>
   </typedef>
   <typedef>
      <name>ACLSPTYP_ServiceReleaseReason</name>
      <datatype>enum8</datatype>
      <displayname>Service Release Reason</displayname>
      <description></description>
      <values>
         <value name="ACLSPTYP_VOCODER_TO_ACP_TRAFFIC_LOSS" displayname="RMG Interface Bearer Path Loss" description="Service is released due to forward traffic frame lost.">0x00</value>
         <value name="ACLSPTYP_NETWORK_FAILURE" displayname="Network Failure" description="Service is released due to network failure.">0x01</value>
         <value name="" displayname="Not Applicable (0xff)" description="The default value.">0xff</value>
      </values>
   </typedef>
   <typedef>
      <name>AccessFailureReason_Enum</name>
      <datatype>enum8</datatype>
      <displayname>Access Failure Reasons</displayname>
      <description></description>
      <values>
         <value name="LOGCALLDATA_NO_ACCESS_FAILURE" displayname="Not Applicable" description="Access failure reason is not applicable.">0x00</value>
         <value name="LOGCALLDATA_TCE_CONNECT_FAILURE_INVALID_CALL_ID" displayname="TCE connection failure - invalid call id" description="TCE connect failure due to invalid call ID">0x01</value>
         <value name="LOGCALLDATA_TCE_CONNECT_FAILURE_UNSUPPORTED_MSG" displayname="TCE connection failure - unsupported message" description="TCE connect failure due to invalid message type">0x02</value>
         <value name="LOGCALLDATA_TCE_CONNECT_FAILURE_FAILED" displayname="TCE connection failure" description="TCE connect failure due to internal error">0x03</value>
         <value name="LOGCALLDATA_TCE_CONNECT_FAILURE_DUPLICATE" displayname="TCE connection failure - duplicate" description="TCE connect failure due to duplicate message is received by BTS">0x04</value>
         <value name="LOGCALLDATA_TCE_CONNECT_FAILURE_NO_RSP" displayname="TCE connection failure - no response" description="TCE connect failure due to waiting for TCE connect response timeout">0x05</value>
         <value name="LOGCALLDATA_FWD_TRAFFIC_FAILURE_INVALID_CALL_ID" displayname="Fwd traffic channel failure - invalid call id" description="Forward traffic channel setup failure due to invalid call ID">0x06</value>
         <value name="LOGCALLDATA_FWD_TRAFFIC_FAILURE_UNSUPPORTED_MSG" displayname="Fwd traffic channel failure - unsupported message" description="Forward traffic channel setup failure due to invalid message type ">0x07</value>
         <value name="LOGCALLDATA_FWD_TRAFFIC_FAILURE_FAILED" displayname="Fwd traffic channel failure" description="Forward traffic channel setup failure due to internal error">0x08</value>
         <value name="LOGCALLDATA_FWD_TRAFFIC_FAILURE_DUPLICATE" displayname="Fwd traffic channel failure - duplicate" description="Forward traffic channel setup failure due to duplicated message is received by BTS">0x09</value>
         <value name="LOGCALLDATA_FWD_TRAFFIC_FAILURE_NO_RSP" displayname="Fwd traffic channel failure - no response" description="Forward traffic channel setup failure due to waiting Begin Forward Traffic Response timeout">0x0A</value>
         <value name="LOGCALLDATA_REV_TRAFFIC_FAILURE_NOT_RECEIVED" displayname="Failure to acquire reverse traffic channel " description="Radio link setup failure due to waiting Begin ReverseTraffic Indication message timeout">0x0B</value>
         <value name="LOGCALLDATA_MS_ACK_FAILURE_NOT_RECEIVED" displayname="Failure to receive mobile Ack " description="Radio link setup failure due to not receiving MS Ack.">0x0C</value>
      </values>
   </typedef>
   <typedef>
      <name>LOGCALLDATA_CallRelType</name>
      <datatype>enum8</datatype>
      <displayname>Call Release Type</displayname>
      <description></description>
      <values>
         <value name="LOGCALLDATA_Mobile_Initiated_Normal" displayname="Mobile Initiated" description="Call is released by mobile">0x00</value>
         <value name="LOGCALLDATA_Network_Initiated_Normal" displayname="Network Initiated" description="Call is released by network">0x01</value>
         <value name="LOGCALLDATA_Hard_Handoff_Normal" displayname="Hard HandOff" description="Call is released due to a hard handoff ">0x02</value>
         <value name="LOGCALLDATA_Abnormal" displayname="Abnormal" description="Call is dropped">0x03</value>
      </values>
   </typedef>
   <typedef>
      <name>LOGCALLDATA_ResourceFormat</name>
      <datatype>enum8</datatype>
      <displayname>Resource Format</displayname>
      <description></description>
      <values>
         <value name="LOGCALLDATA_BSC_Voice" displayname="True Voice Call Only (SBS)" description="Voice call (for Legacy BSC)">0x01</value>
         <value name="LOGCALLDATA_BSC_Data" displayname="Packet Data Call Only (SBS)" description="Data call (for Legacy BSC)">0x02</value>
         <value name="LOGCALLDATA_BSC_VoicePlusOther" displayname="Voice calls + OTAPA1/SMS/LSE ... (SBS)" description="Data burst happens during voice call (for Legacy BSC)">0x03</value>
         <value name="LOGCALLDATA_BSC_DataPlusOther" displayname="Data calls + OTAPA1/SMS/LSE ... (SBS)" description="Data burst happens during data call (for Legacy BSC)">0x04</value>
         <value name="LOGCALLDATA_BSC_Other" displayname="OTAPA, SMS, LSE, Markov, Loopback ... (SBS)" description="Service option not supported by CSLII (for Legacy BSC)">0x05</value>
         <value name="LOGCALLDATA_EBSC_Voice" displayname="True Voice Call Only (EBSC)" description="Voice call (for EBSC)">0x06</value>
         <value name="LOGCALLDATA_EBSC_Data" displayname="Packet Data Call Only (EBSC)" description="Data call (for EBSC)">0x07</value>
         <value name="LOGCALLDATA_EBSC_VoicePlusOther" displayname="Voice calls + OTAPA1/SMS/LSE ... (EBSC) " description="Data burst happens during voice call (for EBSC)">0x08</value>
         <value name="LOGCALLDATA_EBSC_DataPlusOther" displayname="Data calls + OTAPA1/SMS/LSE ... (EBSC)" description="Data burst happens during data call (for EBSC)">0x09</value>
         <value name="LOGCALLDATA_EBSC_Other" displayname="OTAPA, SMS, LSE, Markov, Loopback ... (EBSC)" description="Service option not supported by CSLII (for EBSC)">0x0A</value>
      </values>
   </typedef>
   <typedef>
      <name>ACLRL_LongCodeMask_TYPEType</name>
      <datatype>enum8</datatype>
      <displayname>LongCodeMask Type</displayname>
      <description></description>
      <values>
         <value name="ACLRL_ESN_Derived" displayname="ESN Derived" description="ESN derived long code mask">0x00</value>
         <value name="ACLRL_BS_Assigned" displayname="BS Assigned" description="BS (BTS) assigned long code mask">0x01</value>
         <value name="ACLRL_IMSI_M_Derived" displayname="IMSI_M Derived" description="Not supported">0x02</value>
         <value name="ACLRL_IMSI_T_Derived" displayname="IMSI_T Derived" description="Not supported">0x03</value>
         <value name="ACLRL_MEID_Derived" displayname="MEID Derived" description="MEID derived long code mask">0x04</value>
         <value name="ACLRL_LongCodeMask_TYPEType_ENUM_END" displayname="Not Applicable (0x05)">0x05</value>
      </values>
   </typedef>
   <typedef>
      <name>SLOG_TrigTypeEnum</name>
      <datatype>enum8</datatype>
      <displayname>HHO Trigger Type</displayname>
      <description>Please refer to the Hard Handoff chapter in NTP 411-2133-526 for details on the trigger types.</description>
      <values>
         <value name="SLOG_HHO_TrigType_Unknown" displayname="Unknown" description="Invalid hard handoff trigger type">0x00</value>
         <value name="SLOG_HHO_RTD" displayname="Round Trip Delay" description="RTD hard handoff">0x01</value>
         <value name="SLOG_HHO_BEACON" displayname="Pilot Beacon" description="Pilot beacon hard handoff">0x02</value>
         <value name="SLOG_HHO_3G2G" displayname="3G2GHHO " description="3G2G hard handoff (between IS-2000 and IS-95A)">0x03</value>
         <value name="SLOG_HHO_EC" displayname="Signal Quality (Ec)" description="EC hard handoff">0x04</value>
         <value name="SLOG_EHHO_FwdFER" displayname="EHHO Fwd FER" description="Enhanced hard handoff triggered by forward link FER">0x05</value>
         <value name="SLOG_EHHO_FwdFER_AND_TCG" displayname="EHHO Fwd FER and Traffic Channel Gain" description="Enhanced hard handoff triggered by forward link FER and traffic channel gain">0x06</value>
         <value name="SLOG_EHHO_RevFER" displayname="EHHO Rev FER" description="Enhanced hard handoff triggered by reverse link FER">0x07</value>
         <value name="SLOG_EHHO_RevFER_AND_EbNo" displayname="EHHO Rev FER and EbNo" description="Enhanced hard handoff triggered by reverse link FER and Eb/No">0x08</value>
      </values>
   </typedef>
   <typedef>
      <name>ACLRL_TypeOfCellEnum</name>
      <datatype>enum8</datatype>
      <displayname>Type of Cell</displayname>
      <description></description>
      <values>
         <value name="ACLRL_CELL_STANDARD" displayname="Standard" description="Cell type: standard">0x00</value>
         <value name="ACLRL_CELL_PILOT_BEACON" displayname="Pilot Beacon" description="Cell type: pilot beacon">0x01</value>
         <value name="ACLRL_CELL_BORDER" displayname="Border" description="Cell type: border">0x02</value>
         <value name="ACLRL_CELL_EHHO" displayname="EHHO" description="Cell type: EHHO">0x03</value>
         <value name="ACLRL_CELL_EHHO_BORDER" displayname="EHHO Border" description="Cell type: EHHO border">0x04</value>
         <value name="ACLRL_CELL_EC" displayname="EC" description="Cell type: EC">0x05</value>
         <value name="ACLRL_CELL_ENUM_END" displayname="Not Applicable (0x06)">0x06</value>
      </values>
   </typedef>
   <typedef>
      <name>ACLRL_MCTAFullReasonEnum</name>
      <datatype>enum8</datatype>
      <displayname>Carrier Blocking Reason</displayname>
      <description></description>
      <values>
         <value name="ACLRL_MCTA_FULL_NOT_FULL" displayname="NOT FULL" description="Available">0x00</value>
         <value name="ACLRL_MCTA_FULL_NO_TRAFFIC_CHANNEL_ELEMENT" displayname="NO TRAFFIC CHANNEL ELEMENT" description="No traffic channel element">0x01</value>
         <value name="ACLRL_MCTA_FULL_NO_WALSH_CODE" displayname="NO WALSH CODE" description="No walsh code">0x02</value>
         <value name="ACLRL_MCTA_FULL_FORWARD_CAPACITY_FULL" displayname="FORWARD CAPACITY FULL" description="Forward capacity full">0x03</value>
         <value name="ACLRL_MCTA_FULL_REVERSE_CAPACITY_FULL" displayname="REVERSE CAPACITY FULL" description="Reverse capacity full">0x04</value>
         <value name="ACLRL_MCTA_FULL_NO_RADIO_CONFIGURATION" displayname="NO RADIO CONFIGURATION" description="No radio configuration">0x05</value>
         <value name="ACLRL_MCTA_FULL_BCN_LINK_EXHAUSTION" displayname="BCN LINK EXHAUSTION" description="BCN link exhaustion">0x06</value>
         <value name="ACLRL_MCTA_FULL_BACKHAUL_LINK_EXHAUSTION" displayname="BACKHAUL LINK EXHAUSTION" description="Backhaul link exhaustion">0x07</value>
         <value name="ACLRL_MCTA_FULL_ACN_NODEID_EXHAUSTION" displayname="ACN NODEID EXHAUSTION" description="ACN node ID exhaustion">0x08</value>
         <value name="ACLRL_MCTA_FULL_TIME_OUT" displayname="BTS TIME OUT" description="Timeout waiting for receipt of Capacity Query response ">0x09</value>
         <value name="ACLRL_MCTA_FULL_END" displayname="Not Applicable (0x0A)">0x0A</value>
      </values>
   </typedef>
   <typedef>
      <name>ACLSYS_DataRateEnum</name>
      <datatype>enum8</datatype>
      <displayname>Data Rate enumeration for 3G forward and reverse traffic frame header</displayname>
      <description></description>
      <values>
         <value name="ACLSYS_DATA_RATE_NIL" displayname="DATA_RATE_NIL">0x00</value>
         <value name="ACLSYS_DATA_RATE_EIGHTH" displayname="DATA_RATE_EIGHTH ">0x01</value>
         <value name="ACLSYS_DATA_RATE_QUARTER" displayname="DATA_RATE_QUARTER">0x02</value>
         <value name="ACLSYS_DATA_RATE_HALF" displayname="DATA_RATE_HALF">0x03</value>
         <value name="ACLSYS_DATA_RATE_FULL" displayname="DATA_RATE_FULL">0x04</value>
         <value name="ACLSYS_DATA_RATE_2X" displayname="DATA_RATE_2X">0x05</value>
         <value name="ACLSYS_DATA_RATE_4X" displayname="DATA_RATE_4X">0x06</value>
         <value name="ACLSYS_DATA_RATE_8X" displayname="DATA_RATE_8X">0x07</value>
         <value name="ACLSYS_DATA_RATE_16X" displayname="DATA_RATE_16X">0x08</value>
         <value name="ACLSYS_DATA_RATE_32X" displayname="DATA_RATE_32X">0x09</value>
         <value name="ACLSYS_DATA_RATE_64X" displayname="DATA_RATE_64X">0x0A</value>
         <value name="ACLSYS_DATA_RATE_128X" displayname="DATA_RATE_128X">0x0B</value>
         <value name="ACLSYS_DATA_RATE_POWER_CONTROL" displayname="DATA_RATE_POWER_CONTROL">0x0C</value>
         <value name="ACLSYS_DATA_RATE_DTX" displayname="DATA_RATE_DTX">0x0D</value>
         <value name="ACLSYS_DATA_RATE_ERASURE" displayname="DATA_RATE_ERASURE">0x0E</value>
         <value name="ACLSYS_DATA_RATE_END" displayname="DATA_RATE_END">0x0F</value>
      </values>
   </typedef>
   <typedef>
      <name>ACLRL_MCTA_ALGORITHMType</name>
      <datatype>enum8</datatype>
      <displayname>Used for the Enhanced CDA to describe whether Retain Loading is ON or OFF</displayname>
      <description></description>
      <values>
         <value name="ACLRL_MCTA_ALGORITHM_ONLY" displayname="MCTA_ALGORITHM_ONLY" description="Basic MCTA algorithm">0x00</value>
         <value name="ACLRL_MCTA_ALGORITHM_WITH_RETAIN_LOADING" displayname="MCTA_ALGORITHM_WITH_RETAIN_LOADING" description="MCTA with Retain Loading ON">0x01</value>
         <value name="ACLRL_MMTA_ORIGBAND_ON" displayname="MMTA_ORIGBAND_ON" description="MMTA with Origination Band ON">0x02</value>
         <value name="ACLRL_MMTA_ORIGBAND_ON_AND_RETAIN_LOADING" displayname="MMTA_ORIGBAND_ON_AND_RETAIN_LOADING" description="MMTA with Origination Band ON and Retain Loading ON">0x03</value>
         <value name="ACLRL_MMTA_ORIGBAND_OFF" displayname="MMTA_ORIGBAND_OFF" description="MMTA with Origination Band OFF">0x04</value>
         <value name="ACLRL_MMTA_ORIGBAND_OFF_AND_RETAIN_LOADING" displayname="MMTA_ORIGBAND_OFF_AND_RETAIN_LOADING" description="MMTA with Origination Band OFF and Retain Loading ON">0x05</value>
         <value name="ACLRL_MCTA_ALGORITHM_OFF" displayname="MCTA_ALGORITHM_OFF" description="MCTA disabled">0x06</value>
         <value name="ACLRL_MCTA_10_1_ALGORITHM" displayname="MCTA_10_1_ALGORITHM" description="Release 10.1 MCTA algorithm (no longer in use in MCTA II)">0xFF</value>
      </values>
   </typedef>
   <typedef>
      <name>ACLSPTYP_EVRCBModeType</name>
      <datatype>enum8</datatype>
      <displayname>EVRCB Mode Type</displayname>
      <description></description>
      <values>
         <value name="ACLSPTYP_EVRCBMode_0" displayname="0">0x00</value>
         <value name="ACLSPTYP_EVRCBMode_1" displayname="1">0x01</value>
         <value name="ACLSPTYP_EVRCBMode_2" displayname="2">0x02</value>
         <value name="ACLSPTYP_EVRCBMode_3" displayname="3">0x03</value>
         <value name="ACLSPTYP_EVRCBMode_4" displayname="4">0x04</value>
         <value name="ACLSPTYP_EVRCBMode_5" displayname="5">0x05</value>
         <value name="ACLSPTYP_EVRCBMode_6" displayname="6">0x06</value>
         <value name="ACLSPTYP_EVRCBMode_7" displayname="7">0x07</value>
         <value name="ACLSPTYP_EVRCBMode_ENUM_END" displayname="ACLSPTYP_EVRCBMode_ENUM_END">0x08</value>
      </values>
   </typedef>
   <typedef>
      <name>SLOG_SCH_ChannelType</name>
      <datatype>enum8</datatype>
      <displayname>SCH Channel Type</displayname>
      <description></description>
      <values>
         <value name="SLOG_Forward_SCH" displayname="Forward SCH ">0x00</value>
         <value name="SLOG_Reverse_SCH" displayname="Reverse SCH ">0x01</value>
         <value name="SLOG_SCHChannelType_ENUM_END" displayname="SCH ChannelType ENUM END">0x02</value>
      </values>
   </typedef>


<!-- Bitmaps for CSLII -->


   <typedef>
      <name>EBSCParameterFlags</name>
      <datatype>bitmap8</datatype>
      <description></description>
      <values>
         <value description="Call ID exists" name="SLOG_FORMAT_LA_HAS_CALLID">0x01</value>
         <value description="Correlation ID exists" name="SLOG_FORMAT_LA_HAS_CORR_ID">0x02</value>
         <value description="IMSI exists" name="SLOG_FORMAT_LA_HAS_IMSI">0x04</value>
         <value description=" ESN exists" name="SLOG_FORMAT_LA_HAS_ESN">0x08</value>
         <value description="MEID exists" name="SLOG_FORMAT_LA_HAS_MEID">0x10</value>
      </values>
   </typedef>
   <typedef>
      <name>SBSParameterFlags</name>
      <datatype>bitmap8</datatype>
      <description></description>
      <values>
         <value description="Call ID exists" name="SLOG_FORMAT_LA_HAS_CALLID">0x01</value>
         <value description="Correlation ID exists" name="SLOG_FORMAT_LA_HAS_CORR_ID">0x02</value>
         <value description="IMSI exists" name="SLOG_FORMAT_LA_HAS_IMSI">0x04</value>
         <value description=" ESN exists" name="SLOG_FORMAT_LA_HAS_ESN">0x08</value>
         <value description="MEID exists" name="SLOG_FORMAT_LA_HAS_MEID">0x10</value>
         <value description="Frame#, Shelf#, and Card# exist" name="SLOG_FORMAT_LA_HAS_FRAME_SHELF_CARD">0x20</value>
         <value description="  DSP ID exists" name="SLOG_FORMAT_LA_HAS_DSP_ID">0x40</value>
      </values>
   </typedef>
   <typedef>
      <name>PayloadParamFlags</name>
      <datatype>bitmap8</datatype>
      <description></description>
      <values>
         <value description="Tells whether there are MCTA Carriers that are blocking" name="SLOG_MCTA_CARRIER_BLOCKING">0x01</value>
         <value description="Tells whether initial active set is NOT equal to final active set" name="SLOG_INIT_ACTIVE_SET_NE_FINAL_ACTIVE_SET">0x02</value>
         <value description="Tells whether a HHO has occurred" name="SLOG_HHO_HAS_OCCURRED">0x04</value>
         <value description="Tells whether SCH has been allocated for the call" name="SLOG_SCH_ALLOCATED">0x08</value>
         <value description="Tells whether SWACT has occurred" name="SLOG_CARD_SWACT_HAS_OCCURRED">0x10</value>
         <value description="SF_RX_PWR Value Present" name="SLOG_SF_RX_POWER_VALUE_PRESENT">0x20</value>
         <value description="Tells whether this call is a TrFO call - RESERVED FOR FUTURE USE" name="SLOG_IS_TRFO_CALL">0x40</value>
         <value description="Tells whether this call is a EVRCB call" name="SLOG_IS_EVRCB_CALL">0x80</value>
      </values>
   </typedef>


<!-- Structs for CSLII -->


   <typedef>
      <name>IMSI_Struct</name>
      <datatype>struct</datatype>
      <displayname>IMSI Info</displayname>
      <description>Provides IMSI info</description>
      <field outputformat="dec">
         <name>Number of digits</name>
         <datatype>uint8</datatype>
         <description>The number of digits in the IMSI</description>
      </field>
      <field maxlength="8" outputformat="bcd">
         <name>IMSIArray</name>
         <datatype>variableByteArray</datatype>
         <description>IMSI of the mobile. First byte is length, with 0 - 8 bytes for packed BCD digits. Present only if IMSI Exists set.</description>
         <lengthheader>
            <field outputformat="dec">
               <name>IMSI_Length</name>
               <datatype>uint8</datatype>
               <description>The length of the IMSI in bytes</description>
            </field>
         </lengthheader>
      </field>
   </typedef>
   <typedef>
      <name>Frame_Shelf_Card_Struct</name>
      <datatype>struct</datatype>
      <displayname>Frame, Shelf and Card Info</displayname>
      <description>The physical frame shelf and card where the SEL is located</description>
      <field outputformat="hex">
         <name>Frame Id</name>
         <datatype>uint16</datatype>
         <description>The physical frame where the card is located</description>
      </field>
      <field outputformat="hex">
         <name>Shelf Id</name>
         <datatype>uint16</datatype>
         <description>The physical shelf where the card is located</description>
      </field>
      <field outputformat="hex">
         <name>Card Slot Id</name>
         <datatype>uint8</datatype>
         <description>The physical slot where the card is located</description>
      </field>
   </typedef>
   <typedef>
      <name>CallStateFailure_Struct</name>
      <datatype>struct</datatype>
      <displayname>Call State Failure Info</displayname>
      <description>Call state failure reasons. Not present if call setup successful.</description>
      <field>
         <name>Radio Link Setup Status</name>
         <displayname>Radio Link Status</displayname>
         <datatype>ACLRL_RLMStatusEnum</datatype>
         <description>Reflects the radio link setup status.  Not present if call setup successful.</description>
      </field>
      <field>
         <name>Service Connect Status</name>
         <displayname>Service Connect Status</displayname>
         <datatype>ACLSPTYP_SOMStatusType</datatype>
         <description>Reflects the service connect status. Not present if call setup successful.</description>
      </field>
      <field>
         <name>Access Failure Reason</name>
         <displayname>Access Failure Reasons</displayname>
         <datatype>AccessFailureReason_Enum</datatype>
         <description>Reflects detailed information of radio link setup failure. </description>
      </field>
   </typedef>
   <typedef>
      <name>AbnormalCallRelease_Struct</name>
      <datatype>struct</datatype>
      <displayname>Abnormal Call Release Info</displayname>
      <description>Call release failure reasons. Not present if call release successful.</description>
      <field>
         <name>RLM Radio Link Drop Reason</name>
         <displayname>Radio Link Drop Indication</displayname>
         <datatype>ACLRL_RLMDropIndReasonEnum</datatype>
         <description>Reflects the RLM radio link drop reason. Not present if call release successful.</description>
      </field>
      <field>
         <name>SOM Service Release Reason</name>
         <displayname>Service Release Reason</displayname>
         <datatype>ACLSPTYP_ServiceReleaseReason</datatype>
         <description>Reflects the SOM service release reason. Not present if call release successful.</description>
      </field>
   </typedef>
   <typedef>
      <name>LCS_PilotInfo_Struct</name>
      <datatype>struct</datatype>
      <displayname>Log Call Summary Pilot Info </displayname>
      <description></description>
      <field outputformat="hex">
         <name>EBID</name>
         <datatype>uint32</datatype>
         <description>Extended Base Id</description>
      </field>
      <field outputformat="dec">
         <name>Pilot PN</name>
         <datatype>uint16</datatype>
         <description>The pilot PN sequence offset</description>
      </field>
      <field outputformat="dec">
         <name>Strength</name>
         <datatype>uint8</datatype>
         <description>Pilot Strength (Ec/Io)</description>
      </field>
      <field outputformat="dec">
         <name>RTD Value</name>
         <datatype>uint16</datatype>
         <description>The earliest PN offset in units of 1/8 chip time. Provides the round trip delay (2-way delay from mobile to the corresponding BTS antenna) information.</description>
      </field>
      <field outputformat="hex">
         <name>TCE Address</name>
         <datatype>uint32</datatype>
         <description>The address of the Traffic Channel Element (TCE) utilized in the BTS. This value consists of two parts:
-the leading 8 bits represent the BCNv2 Traffic Range Group (TRG)
-the subsequent 24 bits represent the BCN Address/ACN Node Id of the TCE
For the following cases:
1)      If this is a XCEM card associated with a Classic DCG, then the ACN Node Id can be mapped to a XCEM card. The XCEM card ACN Node ID is statically assigned (each XCEM card is assigned a range of 128 ACN Node Ids). All traffic channels allocated from that XCEM are in the ACN Node Id range of that XCEM. The first ACN Node Id is also the XCEM card address (as found in the CEM MO). The DSP (ASIC) cannot be identified from the ACN Node Id.
2)      If this is a Classic CEM (CCEM) card associated with a Classic DCG, then the TCE address can be mapped to the CCEM card and DSP (ASIC). Each CCEM card is assigned a range of 24 ACN Node Ids which address the 24 TCEs. The first ACN Node Id is also the CCEM card address (as found in the CEM MO).
In all other cases, the TCE address is dynamically assigned and cannot be used to determine the corresponding XCEM/CCEM card.</description>
      </field>
   </typedef>
   <typedef>
      <name>LCS_ActiveSet_Struct</name>
      <datatype>struct</datatype>
      <displayname>Log Call SummaryActive Set Info </displayname>
      <description></description>
      <field outputformat="dec">
         <name>Reference Pilot PN</name>
         <datatype>uint16</datatype>
         <description>The Reference pilot PN sequence offset.</description>
      </field>
      <field outputformat="hex">
         <name>EBID</name>
         <datatype>uint32</datatype>
         <description>Reference Extended Base Id</description>
      </field>
      <field>
         <name>LCSActiveSetArray</name>
         <datatype>variableArray</datatype>
         <description></description>
         <lengthheader>
            <field outputformat="dec">
               <name>Number of Pilots</name>
               <datatype>uint8</datatype>
               <description>The number of pilots in Active Set</description>
            </field>
         </lengthheader>
         <arrayelementtype>LCS_PilotInfo_Struct</arrayelementtype>
      </field>
   </typedef>
   <typedef>
      <name>SBS_VoicePath_Struct</name>
      <datatype>struct</datatype>
      <displayname>SBS Voice Path Info</displayname>
      <description></description>
      <field outputformat="hex">
         <name>Service Path ID</name>
         <datatype>uint16</datatype>
         <description>Reflects which T1/E1 trunk to the SBS shelf has been allocated for the call. This is only applicable for service options that utilize a trunk from the SBS shelf</description>
      </field>
      <field outputformat="hex">
         <name>Service Path Channel</name>
         <datatype>uint8</datatype>
         <description>Reflects the specific circuit/channel within the indicated SCI span that has been allocated for the call. This is only applicable for service options that utilize a trunk from the SBS shelf</description>
      </field>
   </typedef>
   <typedef>
      <name>EBSC_VoicePath_Struct</name>
      <datatype>struct</datatype>
      <displayname>EBSC Voice Path Info</displayname>
      <description></description>
      <field outputformat="hex">
         <name>Service Path ID</name>
         <datatype>uint16</datatype>
         <description>Reflects the bearer path information for the Service Resource used for the call. 
DSFP-v: The VCCI Identifier used by this call.</description>
      </field>
      <field outputformat="hex">
         <name>Service Path Channel</name>
         <datatype>uint8</datatype>
         <description>Reflects the bearer path information for the Service Resource used for the call.
DSFP-v: ATM Channel Identifier</description>
      </field>
      <field outputformat="hex">
         <name>Termination ID</name>
         <datatype>uint32</datatype>
         <description>DSFP-v: The TDM TerminationId contains the CIC (Circuit Identity Code) group.</description>
      </field>
   </typedef>
   <typedef>
      <name>FwdRevSCH_FER_Struct</name>
      <datatype>struct</datatype>
      <displayname>Forward and Reverse SCH FER </displayname>
      <description>Radio Config: RC1
   Channel Type: R-FCH
   FER Calc: The error frame count is increased by 1 when an ERASURE frame is received.
   Channel Type: F-FCH
   FER Calc: The error frame count is the accumulation of the count of ERRORS_DETECTED in the received PMRM.

Radio Config: RC2
   Channel Type: R-FCH
   FER Calc: The error frame count is increased by 1 when an ERASURE frame is received.
   Channel Type: F-FCH
   FER Calc: The error frame count is increased by 1 when an Erasure Indicator bit is set in the received reverse frame.

Radio Config: RC3
   Channel Type: R-FCH
   FER Calc: The error frame count is increased by 1 when an ERASURE frame is received.
   Channel Type: F-FCH
   FER Calc: The error frame count is the accumulation of the count of ERRORS_DETECTED in the received PMRM.
   Channel Type: R-SCH
   FER Calc: The error frame count is increased by 1 when an ERASURE frame is received.
   Channel Type: F-SCH
   FER Calc: The error frame count is the accumulation of the count of  SCH_ERROR_DETECTED in the received PMRM

Radio Config: RC4
   Channel Type: R-FCH
   FER Calc: The error frame count is increased by 1 when an ERASURE frame is received.
   Channel Type: F-FCH
   FER Calc: The error frame count is the accumulation of the count of ERRORS_DETECTED in the received PMRM.
   Channel Type: R-SCH
   FER Calc: The error frame count is increased by 1 when an ERASURE frame is received.
   Channel Type: F-SCH
   FER Calc: The error frame count is the accumulation of the count of SCH_ERROR_DETECTED in the received PMRM.

Radio Config: RC5
   Channel Type: R-FCH
   FER Calc: The error frame count is increased by 1 when an ERASURE frame is received.
   Channel Type: F-FCH
   FER Calc: The error frame count is the accumulation of the count of ERRORS_DETECTED in the received PMRM.
   Channel Type: R-SCH
   FER Calc: The error frame count is increased by 1 when an ERASURE frame is received.
   Channel Type: F-SCH
   FER Calc: The error frame count is the accumulation of the count of SCH_ERROR_DETECTED in the received PMRM.

</description>
      <field>
         <name>SCH Rate</name>
         <datatype>ACLSYS_DataRateEnum</datatype>
         <description>2x, 4x, 8x or 16x</description>
      </field>
      <field outputformat="dec">
         <name>Fwd Bad Frame Count</name>
         <datatype>uint32</datatype>
         <description>Number of Bad Frames in forward direction</description>
      </field>
      <field outputformat="dec">
         <name>Fwd Total Frame Count</name>
         <datatype>uint32</datatype>
         <description>Total number of frames in forward direction</description>
      </field>
      <field outputformat="dec">
         <name>Rev Bad Frame Count</name>
         <datatype>uint32</datatype>
         <description>Number of Bad Frames in reverse direction</description>
      </field>
      <field outputformat="dec">
         <name>Rev Total Frame Count</name>
         <datatype>uint32</datatype>
         <description>Total number of frames in reverse direction</description>
      </field>
   </typedef>
   <typedef>
      <name>MCTACarriersBlocking_Struct</name>
      <datatype>struct</datatype>
      <displayname>MCTA Carriers Blocking Info</displayname>
      <description></description>
      <field>
         <name>Blocking Reason</name>
         <datatype>ACLRL_MCTAFullReasonEnum</datatype>
         <description></description>
      </field>
      <field outputformat="dec">
         <name>Carriers Blocked</name>
         <datatype>uint8</datatype>
         <description>The number of carriers blocked for current reason</description>
      </field>
   </typedef>
   <typedef>
      <name>LCD_CurrentAS_PilotInfo_Struct</name>
      <datatype>struct</datatype>
      <displayname>Log Call Drop Data Current Active Set Pilot Info</displayname>
      <description></description>
      <field outputformat="hex">
         <name>EBID</name>
         <datatype>uint32</datatype>
         <description>Extended Base Id</description>
      </field>
      <field outputformat="dec">
         <name>Pilot PN</name>
         <datatype>uint16</datatype>
         <description>The pilot PN sequence offset</description>
      </field>
      <field outputformat="dec">
         <name>Strength</name>
         <datatype>uint8</datatype>
         <description>Pilot Strength (Ec/Io)</description>
      </field>
      <field outputformat="dec">
         <name>RTD Value</name>
         <datatype>uint16</datatype>
         <description>The earliest PN offset in units of 1/8 chip time. Provides the round trip delay (2-way delay from mobile to the corresponding BTS antenna) information.</description>
      </field>
      <field outputformat="hex">
         <name>TCE Address</name>
         <datatype>uint32</datatype>
         <description>The address of the Traffic Channel Element (TCE) utilized in the BTS. This value consists of two parts:
-the leading 8 bits represent the BCNv2 Traffic Range Group (TRG)
-the subsequent 24 bits represent the BCN Address/ACN Node Id of the TCE
For the following cases:
1)      If this is a XCEM card associated with a Classic DCG, then the ACN Node Id can be mapped to a XCEM card. The XCEM card ACN Node ID is statically assigned (each XCEM card is assigned a range of 128 ACN Node Ids). All traffic channels allocated from that XCEM are in the ACN Node Id range of that XCEM. The first ACN Node Id is also the XCEM card address (as found in the CEM MO). The DSP (ASIC) cannot be identified from the ACN Node Id.
2)      If this is a Classic CEM (CCEM) card associated with a Classic DCG, then the TCE address can be mapped to the CCEM card and DSP (ASIC). Each CCEM card is assigned a range of 24 ACN Node Ids which address the 24 TCEs. The first ACN Node Id is also the CCEM card address (as found in the CEM MO).
In all other cases, the TCE address is dynamically assigned and cannot be used to determine the corresponding XCEM/CCEM card.</description>
      </field>
      <field outputformat="dec">
         <name>Missing Frames</name>
         <datatype>uint16</datatype>
         <description>The duration in seconds for the out-of-sequence frames received by ACP/ESEL before call drop. If the duration is longer than 60s, the call will be dropped if the link is the last VCI in use. It reflects backhaul conditions not the real radio link quality.</description>
      </field>
   </typedef>
   <typedef>
      <name>LCD_CurrentAS_Struct</name>
      <datatype>struct</datatype>
      <displayname>Log Call Drop Data Current Active Set Info</displayname>
      <description></description>
      <field outputformat="dec">
         <name>Reference Pilot PN</name>
         <datatype>uint16</datatype>
         <description>The Reference pilot PN sequence offset</description>
      </field>
      <field outputformat="hex">
         <name>EBID</name>
         <datatype>uint32</datatype>
         <description>Reference Extended Base Id</description>
      </field>
      <field outputformat="timestamp">
         <name>TimeStamp</name>
         <datatype>uint64</datatype>
         <description>The time when mobile starts to use this set as active set.</description>
      </field>
      <field>
         <name>LCDCurrentActiveSetArray</name>
         <datatype>variableArray</datatype>
         <description></description>
         <lengthheader>
            <field outputformat="dec">
               <name>Number of Pilots</name>
               <datatype>uint8</datatype>
               <description>The number of pilots in Active Set</description>
            </field>
         </lengthheader>
         <arrayelementtype>LCD_CurrentAS_PilotInfo_Struct</arrayelementtype>
      </field>
   </typedef>
   <typedef>
      <name>LCD_PreviousAS_PilotInfo_Struct</name>
      <datatype>struct</datatype>
      <displayname>Log Call Drop Data Previous Active Set Pilot Info</displayname>
      <description></description>
      <field outputformat="hex">
         <name>EBID</name>
         <datatype>uint32</datatype>
         <description>Extended Base Id</description>
      </field>
      <field outputformat="dec">
         <name>Pilot PN</name>
         <datatype>uint16</datatype>
         <description>The pilot PN sequence offset</description>
      </field>
      <field outputformat="dec">
         <name>Strength</name>
         <datatype>uint8</datatype>
         <description>Pilot Strength (Ec/Io)</description>
      </field>
   </typedef>
   <typedef>
      <name>LCD_PreviousAS_Struct</name>
      <datatype>struct</datatype>
      <displayname>Log Call Drop Data Previous Active Set Info</displayname>
      <description></description>
      <field outputformat="dec">
         <name>Reference Pilot PN</name>
         <datatype>uint16</datatype>
         <description>The Reference pilot PN sequence offset</description>
      </field>
      <field outputformat="hex">
         <name>EBID</name>
         <datatype>uint32</datatype>
         <description>Reference Extended Base Id</description>
      </field>
      <field outputformat="timestamp">
         <name>TimeStamp</name>
         <datatype>uint64</datatype>
         <description>The time when mobile starts to use this set as active set.</description>
      </field>
      <field>
         <name>LCDPreviousActiveSetArray</name>
         <datatype>variableArray</datatype>
         <description></description>
         <lengthheader>
            <field outputformat="dec">
               <name>Number of Pilots</name>
               <datatype>uint8</datatype>
               <description>The number of pilots in Active Set</description>
            </field>
         </lengthheader>
         <arrayelementtype>LCD_PreviousAS_PilotInfo_Struct</arrayelementtype>
      </field>
   </typedef>
   <typedef>
      <name>FCH_FER_Summary_Struct</name>
      <datatype>struct</datatype>
      <displayname>Summary of Frame Error Rate in FCH</displayname>
      <description>Radio Config: RC1
   Channel Type: R-FCH
   FER Calc: The error frame count is increased by 1 when an ERASURE frame is received.
   Channel Type: F-FCH
   FER Calc: The error frame count is the accumulation of the count of ERRORS_DETECTED in the received PMRM.

Radio Config: RC2
   Channel Type: R-FCH
   FER Calc: The error frame count is increased by 1 when an ERASURE frame is received.
   Channel Type: F-FCH
   FER Calc: The error frame count is increased by 1 when an Erasure Indicator bit is set in the received reverse frame.

Radio Config: RC3
   Channel Type: R-FCH
   FER Calc: The error frame count is increased by 1 when an ERASURE frame is received.
   Channel Type: F-FCH
   FER Calc: The error frame count is the accumulation of the count of ERRORS_DETECTED in the received PMRM.
   Channel Type: R-SCH
   FER Calc: The error frame count is increased by 1 when an ERASURE frame is received.
   Channel Type: F-SCH
   FER Calc: The error frame count is the accumulation of the count of  SCH_ERROR_DETECTED in the received PMRM

Radio Config: RC4
   Channel Type: R-FCH
   FER Calc: The error frame count is increased by 1 when an ERASURE frame is received.
   Channel Type: F-FCH
   FER Calc: The error frame count is the accumulation of the count of ERRORS_DETECTED in the received PMRM.
   Channel Type: R-SCH
   FER Calc: The error frame count is increased by 1 when an ERASURE frame is received.
   Channel Type: F-SCH
   FER Calc: The error frame count is the accumulation of the count of SCH_ERROR_DETECTED in the received PMRM.

Radio Config: RC5
   Channel Type: R-FCH
   FER Calc: The error frame count is increased by 1 when an ERASURE frame is received.
   Channel Type: F-FCH
   FER Calc: The error frame count is the accumulation of the count of ERRORS_DETECTED in the received PMRM.
   Channel Type: R-SCH
   FER Calc: The error frame count is increased by 1 when an ERASURE frame is received.
   Channel Type: F-SCH
   FER Calc: The error frame count is the accumulation of the count of SCH_ERROR_DETECTED in the received PMRM.

</description>
      <field outputformat="dec">
         <name>Bad Forward Frames</name>
         <datatype>uint32</datatype>
         <description>The total number of bad forward frames. The Forward FER will be calculated in log server:
FER = bad-frames/total-frames</description>
      </field>
      <field outputformat="dec">
         <name>Total Forward Frames</name>
         <datatype>uint32</datatype>
         <description>The total number of forward frames. The Forward FER will be calculated in log server:
FER = bad-frames/total-frames</description>
      </field>
      <field outputformat="dec">
         <name>Bad Reverse Frames</name>
         <datatype>uint32</datatype>
         <description>The total number of bad reverse frames. The Reverse FER will be calculated in log server:
FER = bad-frames/total-frames</description>
      </field>
      <field outputformat="dec">
         <name>Total Reverse Frames</name>
         <datatype>uint32</datatype>
         <description>The total number of reverse frames. The Reverse FER will be calculated in log server:
FER = bad-frames/total-frames</description>
      </field>
   </typedef>
   <typedef>
      <name>Selected_Carrier_Info_Struct</name>
      <datatype>struct</datatype>
      <displayname>Selected Carrier Info</displayname>
      <description></description>
      <field outputformat="hex">
         <name>Selected EBID</name>
         <datatype>uint32</datatype>
         <description>The selected extended base id where the call originated or terminated</description>
      </field>
      <field outputformat="dec">
         <name>Selected Relative Capacity</name>
         <datatype>int16</datatype>
         <description>The relative capacity is the estimated capacity of the selected sector carrier.</description>
      </field>
      <field outputformat="dec">
         <name>Selected Frequency Priority</name>
         <datatype>uint8</datatype>
         <description>Reflects the configured parameter of the same name in the Pilot Database on the BSC/EBSC</description>
      </field>
      <field outputformat="bool">
         <name>Downgraded</name>
         <datatype>bool</datatype>
         <description>Indicates that resources were only available for a lower Radio Configuration</description>
      </field>
      <field>
         <name>MCTA Algorithm</name>
         <datatype>ACLRL_MCTA_ALGORITHMType</datatype>
         <description>The MCTA algorithm refers to the algorithm that was utilized for the carrier band selection</description>
      </field>
   </typedef>
   <typedef>
      <name>MCTA_Struct</name>
      <datatype>struct</datatype>
      <displayname>MCTA Info</displayname>
      <description></description>
      <field outputformat="hex">
         <name>Originating EBID</name>
         <datatype>uint32</datatype>
         <description>The originating extended base id where the call originated or terminated</description>
      </field>
      <field outputformat="bool">
         <name>Outband Decision</name>
         <datatype>bool</datatype>
         <description>If the outband decision value is true, this means that the mobile is re-directed to the alternative frequency band. In this case, the Call Setup Status is set to Success, and the RLM Status is set to Internal Failure.</description>
      </field>
      <field outputformat="dec">
         <name>Number of Selected Carrier</name>
         <datatype>uint8</datatype>
         <description>Number of cells</description>
      </field>
      <union discriminant="Number of Selected Carrier">
         <name>Selected_Carrier_Info_Union</name>
         <case value="0">
         </case>
         <case value="default">
            <field>
               <name>Selected Carrier Info</name>
               <displayname>Selected Carrier Info</displayname>
               <datatype>Selected_Carrier_Info_Struct</datatype>
               <description></description>
            </field>
         </case>
      </union>
   </typedef>
   <typedef>
      <name>FwdGainBin_Struct</name>
      <datatype>struct</datatype>
      <displayname></displayname>
      <description></description>
      <field outputformat="dec">
         <name>Range</name>
         <datatype>uint8</datatype>
         <description>The range of the digital gain</description>
      </field>
      <field outputformat="dec">
         <name>Number of Frames in the range</name>
         <datatype>uint32</datatype>
         <description>Number of frames in the range</description>
      </field>
   </typedef>
   <typedef>
      <name>FwdGain_Struct</name>
      <datatype>struct</datatype>
      <displayname></displayname>
      <description></description>
      <field outputformat="dec">
         <name>Sum</name>
         <datatype>uint64</datatype>
         <description>Sum of the forward digital gain</description>
      </field>
      <field>
         <name>BinArray</name>
         <datatype>fixedArray</datatype>
         <arraysize>10</arraysize>
         <description>There will be 10 bins recorded</description>
         <arrayelementtype>FwdGainBin_Struct</arrayelementtype>
      </field>
   </typedef>
   <typedef>
      <name>RevReceiveThresholdBin_Struct</name>
      <datatype>struct</datatype>
      <displayname></displayname>
      <description></description>
      <field outputformat="dec">
         <name>Range</name>
         <datatype>uint8</datatype>
         <description>The range of the reverse receive threshold</description>
      </field>
      <field outputformat="dec">
         <name>Number of Frames in the range</name>
         <datatype>uint32</datatype>
         <description>Number of frames in the range</description>
      </field>
   </typedef>
   <typedef>
      <name>RevReceiveThreshold_Struct</name>
      <datatype>struct</datatype>
      <displayname></displayname>
      <description></description>
      <field outputformat="dec">
         <name>Sum</name>
         <datatype>uint64</datatype>
         <description>Sum of Reverse Receive Threshold </description>
      </field>
      <field>
         <name>BinArray</name>
         <datatype>fixedArray</datatype>
         <arraysize>10</arraysize>
         <description>There will be 10 bins recorded</description>
         <arrayelementtype>RevReceiveThresholdBin_Struct</arrayelementtype>
      </field>
   </typedef>
   <typedef>
      <name>FwdLinkEffectiveActivityFactorEntry_Struct</name>
      <datatype>struct</datatype>
      <displayname></displayname>
      <description></description>
      <field>
         <name>Frame Rate</name>
         <datatype>ACLSYS_DataRateEnum</datatype>
         <description>Forward Gain frame rate</description>
      </field>
      <field outputformat="dec">
         <name>Sum of squares of Fwd Gain</name>
         <datatype>uint64</datatype>
         <description>For a given Forward gain frame rate, each count is squared.  All the squared counts are then summed to produce this number.</description>
      </field>
      <field outputformat="dec">
         <name>Frame Count</name>
         <datatype>uint32</datatype>
         <description>Number of forward link Tx power frames</description>
      </field>
   </typedef>
   <typedef>
      <name>FwdLinkEffectiveActivityFactor_Struct</name>
      <datatype>struct</datatype>
      <displayname></displayname>
      <description></description>
      <field>
         <name>Array</name>
         <datatype>variableArray</datatype>
         <description></description>
         <lengthheader>
            <field outputformat="dec">
               <name>Num Frame Rates</name>
               <datatype>uint8</datatype>
               <description>Number of frame rates</description>
            </field>
         </lengthheader>
         <arrayelementtype>FwdLinkEffectiveActivityFactorEntry_Struct</arrayelementtype>
      </field>
   </typedef>
   <typedef>
      <name>RevReceiveThresholdEffectiveActivityFactorEntry_Struct</name>
      <datatype>struct</datatype>
      <displayname></displayname>
      <description></description>
      <field>
         <name>Frame Rate</name>
         <datatype>ACLSYS_DataRateEnum</datatype>
         <description>Reverse receive frame rate</description>
      </field>
      <field outputformat="dec">
         <name>Sum of Threshold</name>
         <datatype>uint64</datatype>
         <description>Sum of the thresholds for each frame rate</description>
      </field>
      <field outputformat="dec">
         <name>Frame Count</name>
         <datatype>uint32</datatype>
         <description>Number of reverse receive threshold</description>
      </field>
   </typedef>
   <typedef>
      <name>RevReceiveThresholdEffectiveActivityFactor_Struct</name>
      <datatype>struct</datatype>
      <displayname></displayname>
      <description></description>
      <field>
         <name>Array</name>
         <datatype>variableArray</datatype>
         <description></description>
         <lengthheader>
            <field outputformat="dec">
               <name>Num Frame Rates</name>
               <datatype>uint8</datatype>
               <description>Number of frame rates</description>
            </field>
         </lengthheader>
         <arrayelementtype>RevReceiveThresholdEffectiveActivityFactorEntry_Struct</arrayelementtype>
      </field>
   </typedef>
   <typedef>
      <name>NeighborList_Struct</name>
      <datatype>struct</datatype>
      <displayname>Neighbor List Info</displayname>
      <description></description>
      <field outputformat="dec">
         <name>Pilot PN</name>
         <datatype>uint16</datatype>
         <description>The pilot PN sequence offset</description>
      </field>
      <field outputformat="hex">
         <name>EBID</name>
         <datatype>uint32</datatype>
         <description>Extended Base Id</description>
      </field>
      <field>
         <name>Type of Cell</name>
         <datatype>ACLRL_TypeOfCellEnum</datatype>
         <description></description>
      </field>
   </typedef>
   <typedef>
      <name>LastPSSMArray_Struct</name>
      <datatype>struct</datatype>
      <displayname></displayname>
      <description></description>
      <field outputformat="dec">
         <name>PN Phase</name>
         <datatype>uint16</datatype>
         <description>The PN phase relative to the reference pilot as reported by the mobile station.</description>
      </field>
      <field outputformat="dec">
         <name>Strength</name>
         <datatype>uint8</datatype>
         <description></description>
      </field>
      <field outputformat="bool">
         <name>Keep</name>
         <datatype>uint8</datatype>
         <description></description>
      </field>
   </typedef>
   <typedef>
      <name>LastPSSM_Struct</name>
      <datatype>struct</datatype>
      <displayname>Last Pilot Strength Measurement</displayname>
      <description></description>
      <field outputformat="dec">
         <name>Reference Pilot PN</name>
         <datatype>uint16</datatype>
         <description>The Reference pilot PN sequence offset.</description>
      </field>
      <field outputformat="dec">
         <name>Strength</name>
         <datatype>uint8</datatype>
         <description></description>
      </field>
      <field outputformat="bool">
         <name>Keep</name>
         <datatype>uint8</datatype>
         <description></description>
      </field>
      <field outputformat="timestamp">
         <name>TimeStamp</name>
         <datatype>uint64</datatype>
         <description></description>
      </field>
      <field>
         <name>Array</name>
         <datatype>variableArray</datatype>
         <description></description>
         <lengthheader>
            <field outputformat="dec">
               <name>Number of Pilots</name>
               <datatype>uint8</datatype>
               <description></description>
            </field>
         </lengthheader>
         <arrayelementtype>LastPSSMArray_Struct</arrayelementtype>
      </field>
   </typedef>
   <typedef>
      <name>NLTA_NeighborList_Struct</name>
      <datatype>struct</datatype>
      <displayname>Neighbor List Info for LogNLTA attribute</displayname>
      <description></description>
      <field outputformat="hex">
         <name>EBID</name>
         <datatype>uint32</datatype>
         <description>Extended Base ID</description>
      </field>
      <field outputformat="dec">
         <name>Pilot Strength</name>
         <datatype>uint8</datatype>
         <description></description>
      </field>
      <field outputformat="dec">
         <name>Keep Bit</name>
         <datatype>uint8</datatype>
         <description></description>
      </field>
      <field outputformat="dec">
         <name>Pilot PN</name>
         <datatype>uint16</datatype>
         <description>The pilot PN sequence offset</description>
      </field>
      <field outputformat="dec">
         <name>PN Phase</name>
         <datatype>uint16</datatype>
         <description>The PN phase relative to the reference pilot as reported by the mobile station.</description>
      </field>
   </typedef>
   <typedef>
      <name>ActiveSetChangePilot_Struct</name>
      <datatype>struct</datatype>
      <displayname>Active set change information for each pilot</displayname>
      <description></description>
      <field outputformat="hex">
         <name>Base Id</name>
         <datatype>uint32</datatype>
         <description></description>
      </field>
      <field outputformat="dec">
         <name>Power Combine Bit</name>
         <datatype>uint8</datatype>
         <description></description>
      </field>
      <field outputformat="hex">
         <name>ACN Node Id</name>
         <datatype>uint32</datatype>
         <description></description>
      </field>
      <field outputformat="dec">
         <name>VCI</name>
         <datatype>uint8</datatype>
         <description>Virtual Circuit Identifier</description>
      </field>
   </typedef>
   <typedef>
      <name>NeighborListUpdInfo_Struct</name>
      <datatype>struct</datatype>
      <displayname>Neighbor list update Info for each neighbor</displayname>
      <description></description>
      <field outputformat="hex">
         <name>EBID</name>
         <datatype>uint32</datatype>
         <description>Extended Base Id</description>
      </field>
      <field>
         <name>Cell Type</name>
         <datatype>ACLRL_TypeOfCellEnum</datatype>
         <description></description>
      </field>
      <field outputformat="dec">
         <name>Pilot PN</name>
         <datatype>uint16</datatype>
         <description>The pilot PN sequence offset</description>
      </field>
   </typedef>
   <typedef>
      <name>RTD_Struct</name>
      <datatype>struct</datatype>
      <displayname>Round Trip Delay Info</displayname>
      <description></description>
      <field outputformat="hex">
         <name>Base Id</name>
         <datatype>uint32</datatype>
         <description></description>
      </field>
      <field outputformat="dec">
         <name>RTD Value</name>
         <datatype>uint16</datatype>
         <description>The earliest PN offset in units of 1/8 chip time. Provides the round trip delay (2-way delay from mobile to the corresponding BTS antenna) information.</description>
      </field>
   </typedef>
   <typedef>
      <name>EBSC_SourceId_Struct</name>
      <datatype>struct</datatype>
      <displayname>The source identifier for an EBSC log. Can convert to FDN using FDN mapping table supplied by the CSP to the customer log server</displayname>
      <description></description>
      <field outputformat="fdn">
         <name>Managed Element ID</name>
         <datatype>uint64</datatype>
         <description>Managed Element Identifer -- unique identifier for the card. This information is sent by the C-EMS to the EBSC</description>
      </field>
      <field outputformat="dec">
         <name>Processor Number</name>
         <datatype>uint8</datatype>
         <description>Number of PMC generating the log</description>
      </field>
   </typedef>
   <typedef>
      <name>SBS_SourceId_Struct</name>
      <datatype>struct</datatype>
      <displayname>ESEL or SCI-S OID. Can convert to FDN using FDN mapping table supplied by the CSP to the customer log server</displayname>
      <description></description>
      <field outputformat="hex">
         <name>OID: Agent Id</name>
         <datatype>uint32</datatype>
         <description>Agent Id part of OID </description>
      </field>
      <field outputformat="hex">
         <name>OID: MOClassId</name>
         <datatype>uint16</datatype>
         <description>MO Class Id part of OID </description>
      </field>
      <field outputformat="hex">
         <name>OID: MOVersion</name>
         <datatype>uint16</datatype>
         <description>MO Version part of OID </description>
      </field>
      <field outputformat="hex">
         <name>OID: MOInstance</name>
         <datatype>uint16</datatype>
         <description>MO Instance part of OID </description>
      </field>
   </typedef>
   <typedef>
      <name>HHO_Trigger_Struct</name>
      <datatype>struct</datatype>
      <displayname>Hard Handoff Trigger Information</displayname>
      <description></description>
      <field>
         <name>Triggering Type</name>
         <datatype>SLOG_TrigTypeEnum</datatype>
         <description></description>
      </field>
      <field outputformat="hex">
         <name>Triggering Condition</name>
         <datatype>uint16</datatype>
         <description>Reflects the HHO Triggering Condition Data.
RTD:
1st byte: EBID of the reference pilot
2nd byte: 0

PilotBeacon:
1st byte: The PNOffset of the Pilot in the active set with the strongest strength
2nd byte: 0

EHHO:
1st byte: 
If the trigger condition is FwdFER or FwdFER_AND_TCG it is FwdFERxWindow.
If the trigger condition is RevFER or RevFER_AND_EbNom it is RevFERxWindow.
2nd byte: 
Based on the 1st byte the values are respectively:
0; GTXtraffic at the HHO trigger point;
0; XRXtraffic at the HHO trigger point

3G2G:
1st byte: EarliestPNOffset of the reference pilot
2nd byte: 0

ECIO:
1st byte: Ec HHO trigger type:
2- Triggered by Ec
3- Triggered by IS95A
4- Triggered by RTX Max
2nd byte: 0</description>
      </field>
   </typedef>
   <typedef>
      <name>ActiveSetChange_Struct</name>
      <datatype>struct</datatype>
      <displayname>FCJH Active Set Change Information </displayname>
      <description></description>
      <field outputformat="hex">
         <name>Reference Base Id</name>
         <datatype>uint32</datatype>
         <description>The extended base id of the reference pilot.</description>
      </field>
      <field>
         <name>ActiveSetChangeArray</name>
         <datatype>variableArray</datatype>
         <description>Active set information (after an active set change has occurred)</description>
         <lengthheader>
            <field outputformat="dec">
               <name>Count of Pilots</name>
               <datatype>uint8</datatype>
               <description>The number of pilots in the current active set</description>
            </field>
         </lengthheader>
         <arrayelementtype>ActiveSetChangePilot_Struct</arrayelementtype>
      </field>
   </typedef>
   <typedef>
      <name>NeighborListUpdate_Struct</name>
      <datatype>struct</datatype>
      <displayname>Neighbor List Update Information </displayname>
      <description></description>
      <field outputformat="dec">
         <name>Pilot_INC</name>
         <datatype>uint8</datatype>
         <description></description>
      </field>
      <field>
         <name>NeighborListUpdateArray</name>
         <datatype>variableArray</datatype>
         <description>Summary of new neighbor list information (after neighbor list update).</description>
         <lengthheader>
            <field outputformat="dec">
               <name>NeighborCount</name>
               <datatype>uint8</datatype>
               <description>Number of neighbors</description>
            </field>
         </lengthheader>
         <arrayelementtype>NeighborListUpdInfo_Struct</arrayelementtype>
      </field>
   </typedef>
   <typedef>
      <name>MEID_Struct</name>
      <datatype>struct</datatype>
      <displayname>MEID Info</displayname>
      <description></description>
      <field outputformat="hex">
         <name>LCM Ebid Collision Bitmap</name>
         <datatype>uint8</datatype>
         <description>Stores the bitmap of EBIDs for which LCM collisions were detected in an active set</description>
      </field>
      <field>
         <name>LCM Type</name>
         <datatype>ACLRL_LongCodeMask_TYPEType</datatype>
         <description>LongCodeMask Type</description>
      </field>
      <field outputformat="hex">
         <name>SCM</name>
         <datatype>uint8</datatype>
         <description>Station Class Mark</description>
      </field>
   </typedef>
   <typedef>
      <name>SF_RX_PWR_Struct</name>
      <datatype>struct</datatype>
      <displayname>SF_RX_PWR Info</displayname>
      <description></description>
      <field outputformat="dec">
         <name>SF_RX_PWR</name>
         <datatype>uint8</datatype>
         <description>The RSSI value reported by the mobile (SF_RX_PWR) if Periodic Pilot Strength Measurements (PPSMM) active at call end. Valid after a SWACT if PPSMM received after the SWACT. </description>
      </field>
      <field outputformat="timestamp">
         <name>Time Stamp</name>
         <datatype>uint64</datatype>
         <description>The time of the last Periodic Pilot Strength Measurement Message where the SF_RX_PWR value was obtained. </description>
      </field>
   </typedef>
   <typedef>
      <name>TrFO_Struct</name>
      <datatype>struct</datatype>
      <displayname>TrFO Info</displayname>
      <description>RESERVED FOR FUTURE USE</description>
      <field outputformat="dec">
         <name>PacketsSent</name>
         <datatype>uint32</datatype>
         <description></description>
      </field>
      <field outputformat="dec">
         <name>PacketsReceived</name>
         <datatype>uint32</datatype>
         <description></description>
      </field>
      <field outputformat="dec">
         <name>OctetsSent</name>
         <datatype>uint32</datatype>
         <description></description>
      </field>
      <field outputformat="dec">
         <name>OctetsReceived</name>
         <datatype>uint32</datatype>
         <description></description>
      </field>
      <field outputformat="dec">
         <name>PacketsLost</name>
         <datatype>uint16</datatype>
         <description></description>
      </field>
      <field outputformat="dec">
         <name>Jitter</name>
         <datatype>uint16</datatype>
         <description></description>
      </field>
      <field outputformat="hex">
         <name>Latency</name>
         <datatype>uint32</datatype>
         <description>Value is in milliseconds and coded as a mixed number where the upper 16 bits represent the whole part of the number and the lower 16 bits represent the fractional part of the number. Up to 4 digits are supported for the fractional part. For example, 1.3200 milliseconds will be coded as 0x00010c80.</description>
      </field>
   </typedef>
   <typedef>
      <name>EVRCBInfo_Struct</name>
      <datatype>struct</datatype>
      <displayname>EVRCB Info</displayname>
      <description></description>
      <field>
         <name>Initial Fwd Mode</name>
         <datatype>ACLSPTYP_EVRCBModeType</datatype>
         <description></description>
      </field>
      <field>
         <name>Initial Rev Mode</name>
         <datatype>ACLSPTYP_EVRCBModeType</datatype>
         <description></description>
      </field>
      <field>
         <name>Final Fwd Mode</name>
         <datatype>ACLSPTYP_EVRCBModeType</datatype>
         <description></description>
      </field>
      <field>
         <name>Final Rev Mode</name>
         <datatype>ACLSPTYP_EVRCBModeType</datatype>
         <description></description>
      </field>
   </typedef>


<!-- Constants for CSLII -->



</slog_datatypes>
