<!-- (c) COPYRIGHT 2006 Nortel Networks.  All Rights Reserved -->
<field bscstreamlogschemaversion="3">
   <name>Stats_v1_struct</name>
   <datatype>struct</datatype>
   <displayname>Statistics Information ControlLog</displayname>
   <description>This log is generated on a periodic basis, every 30 minutes on the hour and half hour. This log contains Streaming Logs statistics information. This information may help detect and account for log losses.</description>
   <field outputformat="dec">
      <name>Last Data Log Sequence # Sent</name>
      <datatype>uint32</datatype>
      <description>Sequence # of last Data log attempted to be sent by BSC/EBSC processor.</description>
   </field>
   <field outputformat="dec">
      <name>Last Control Log Sequence # Sent</name>
      <datatype>uint32</datatype>
      <description>Sequence # of last Control log attempted to be sent by BSC/EBSC processor.</description>
   </field>
   <field outputformat="dec">
      <name>Number Data Logs Sent since Uptime</name>
      <datatype>uint32</datatype>
      <description>Number data logs attempted to be sent by BSC/EBSC processor since uptime. Accounts for gaps that may span > 1 period. 
Also quantifies gaps when sequence number wraps</description>
   </field>
   <field outputformat="dec">
      <name>Number Data Logs Generated since Uptime</name>
      <datatype>uint32</datatype>
      <description>Number data logs generated by BSC/EBSC processor since Uptime. By examining this value in sequential Stats Control Logs this can identify situations where no data logs have been sent due to no logging activity (e.g. CallP has been Locked or in a Dependency state).</description>
   </field>
   <field outputformat="dec">
      <name>Number Data Logs Suppressed since Uptime</name>
      <datatype>uint32</datatype>
      <description>Number data logs suppressed by BSC/EBSC processor since uptime. Log suppression occurs if we are in an overload situation causing lower priority logs to be suppressed.</description>
   </field>
   <field outputformat="dec">
      <name>Number Data Logs Overwritten since Uptime</name>
      <datatype>uint32</datatype>
      <description>Number data logs overwritten by BSC/EBSC processor since uptime. Log overwrites occurs if the queue has overflowed.</description>
   </field>
   <field maxlength="80" outputformat="string">
      <name>AdditionalText</name>
      <datatype>string</datatype>
      <description>Additional text info </description>
      <lengthheader>
         <field outputformat="dec">
            <name>Additional Text Length</name>
            <datatype>uint8</datatype>
            <description>The length of the Additional Text array (in bytes)</description>
         </field>
      </lengthheader>
   </field>
</field>
