<?xml version="1.0" encoding="UTF-8"?>
<!-- (c) COPYRIGHT 2006 Nortel Networks.  All Rights Reserved -->
<streamlog xmlns:xi="http://www.w3.org/2001/XInclude" xml:base="./xdrliteschema/" bscstreamlogschemaversion="10">
   <typedef>
      <name>SLog_MessageClass</name>
      <datatype>enum8</datatype>
      <displayname>Streaming Log Message Class</displayname>
      <description></description>
      <values>
         <value name="SLOG_NULL">0x00</value>
         <value name="SLOG_DATA_LOG" displayname="Data Log ">0x01</value>
         <value name="SLOG_CONTROL_LOG" displayname="Control Log">0x02</value>
         <value name="SLOG_PROTOCOL_MSG" displayname="Protocol Message">0x03</value>
         <value name="SLOG_CUSTOM_LOG" displayname="Custom">0x04</value>
      </values>
   </typedef>
   <typedef>
      <name>SLog_NodeType</name>
      <datatype>enum8</datatype>
      <displayname>Node Type: EBSC, SBS, CEMS or BSSM.</displayname>
      <description></description>
      <values>
         <value name="SLOG_SBS_NODE" displayname="SBS">0x00</value>
         <value name="SLOG_EBSC_NODE" displayname="EBSC">0x01</value>
         <value name="SLOG_CEMS_NODE" displayname="CEMS">0x02</value>
         <value name="SLOG_BSSM_NODE" displayname="BSSM">0x03</value>
      </values>
   </typedef>
   <typedef>
      <name>SLog_LogType</name>
      <datatype>enum8</datatype>
      <displayname>Streaming Log Log Type</displayname>
      <description></description>
      <values>
         <value name="SLOG_NULL_LOG">0x00</value>
         <value name="SLOG_PROTOCOL_HELLO" displayname="Protocol Hello Message">0x01</value>
         <value name="SLOG_LOG_CALL_SUMMARY" displayname="LogCallSummary">0x02</value>
         <value name="SLOG_LOG_CALL_DROP_DATA" displayname="LogCallDropData">0x03</value>
         <value name="SLOG_DATA_SESSION_USAGE" displayname="LogDataSessionUsageSummary">0x04</value>
         <value name="SLOG_LOG_NEIGHBOR_LIST_TUNING_ARRAY" displayname="LogNeighborListTuningArray">0x05</value>
         <value name="SLOG_LOG_ACTIVE_SET_NL_UPDATE" displayname="LogActiveSetNeighborListUpdate">0x06</value>
         <value name="SLOG_LOG_SCH_ACTIVE_SET_CHANGE" displayname="LogSCHActiveSetChange">0x07</value>
         <value name="SLOG_LOG_ROUND_TRIP_DELAY" displayname="LogRoundTripDelay">0x08</value>
         <value name="SLOG_LOG_LINK_FER_DATA" displayname="LogLinkFERData">0x09</value>
         <value name="SLOG_CTRL_CONNECTION_ESTABLISHED" displayname="Connection Established">0x0A</value>
         <value name="SLOG_CTRL_LOCK" displayname="Lock">0x0B</value>
         <value name="SLOG_CTRL_FL_CPU_OVLD" displayname="First Level CPU Overload" description="Not Implemented">0x0C</value>
         <value name="SLOG_CTRL_FL_CPU_OVLD_ABATED" displayname="First Level CPU Overload Abated" description="Not Implemented">0x0D</value>
         <value name="SLOG_CTRL_SL_CPU_OVLD" displayname="Second Level CPU Overload" description="Not Implemented">0x0E</value>
         <value name="SLOG_CTRL_SL_CPU_OVLD_ABATED" displayname="Second Level CPU Overload Abated" description="Not Implemented">0x0F</value>
         <value name="SLOG_CTRL_QUEUE_THRESHOLD" displayname="Over Queue Threshold">0x10</value>
         <value name="SLOG_CTRL_QUEUE_OVERFLOW" displayname="Queue Overflow">0x11</value>
         <value name="SLOG_CTRL_QUEUE_THRESHOLD_ABATED" displayname="Queue Threshold Abated">0x12</value>
         <value name="SLOG_CTRL_STATS" displayname="Stats Info">0x13</value>
         <value name="SLOG_CTRL_ELC_STATS" displayname="ELC Stats">0x14</value>
         <value name="SLOG_CTRL_SLC_STATS" displayname="SLC Stats">0x15</value>
         <value name="SLOG_CTRL_SLS_STATS" displayname="SLS Stats">0x16</value>
         <value name="SLOG_CTRL_SLS_CARD_MAPPING" displayname="SLS Card ID and FDN Mapping Info">0x17</value>
      </values>
   </typedef>
   <typedef>
      <name>EndOfRecord</name>
      <datatype>uint16</datatype>
      <displayname>End of Record</displayname>
      <description>End of record marker</description>
      <value>0xFAAE</value>
   </typedef>


   <xi:include href="cems_datatypes_v1.xml">
      <xi:fallback>
         <para><emphasis>Streamlog schema loading error. Could not find: cems_datatypes_v1.xml</emphasis></para>
      </xi:fallback>
   </xi:include>
   <xi:include href="common_header_v1.xml">
      <xi:fallback>
         <para><emphasis>Streamlog schema loading error. Could not find: common_header_v1.xml</emphasis></para>
      </xi:fallback>
   </xi:include>
   <union discriminant="CommonHeader_v1_struct.Message Class" >
      <name>MessageClass_Union</name>

      <!-- Data Logs -->
      <case value="SLOG_DATA_LOG">
         <union discriminant="CommonHeader_v1_struct.Node Type" >
            <name>NodeType_Union</name>

            <!-- EBSC Data Logs -->
            <case value="SLOG_EBSC_NODE">
               <union discriminant="CommonHeader_v1_struct.Log Type" >
                  <name>LogType_Union</name>

                  <!-- EBSC SLOG_LOG_CALL_SUMMARY -->
                  <case value="SLOG_LOG_CALL_SUMMARY">
                     <union discriminant="CommonHeader_v1_struct.Log Version" >
                        <name>LogVersion_Union</name>
                        <!-- EBSC SLOG_LOG_CALL_SUMMARY, v1 -->
                        <case value="1">
                           <field>
                              <name>EBSC LogCallSummary Subtree</name>
                              <datatype>struct</datatype>
                              <xi:include href="slog_datatypes_v1.xml">
                                 <xi:fallback>
                                    <para><emphasis>Streamlog schema loading error. Could not find: slog_datatypes_v1.xml</emphasis></para>
                                 </xi:fallback>
                              </xi:include>
                              <xi:include href="ebsc_header_v1.xml">
                                 <xi:fallback>
                                    <para><emphasis>Streamlog schema loading error. Could not find: ebsc_header_v1.xml</emphasis></para>
                                 </xi:fallback>
                              </xi:include>
                              <xi:include href="logcallsummary_v1.xml">
                                 <xi:fallback>
                                    <para><emphasis>Streamlog schema loading error. Could not find: logcallsummary_v1.xml</emphasis></para>
                                 </xi:fallback>
                              </xi:include>
                           </field>
                        </case>
                        <!-- EBSC SLOG_LOG_CALL_SUMMARY, v2 -->
                        <case value="2">
                           <field>
                              <name>EBSC LogCallSummary Subtree</name>
                              <datatype>struct</datatype>
                              <xi:include href="slog_datatypes_v1.xml">
                                 <xi:fallback>
                                    <para><emphasis>Streamlog schema loading error. Could not find: slog_datatypes_v1.xml</emphasis></para>
                                 </xi:fallback>
                              </xi:include>
                              <xi:include href="slog_datatypes_v2.xml">
                                 <xi:fallback>
                                    <para><emphasis>Streamlog schema loading error. Could not find: slog_datatypes_v2.xml</emphasis></para>
                                 </xi:fallback>
                              </xi:include>
                              <xi:include href="ebsc_header_v1.xml">
                                 <xi:fallback>
                                    <para><emphasis>Streamlog schema loading error. Could not find: ebsc_header_v1.xml</emphasis></para>
                                 </xi:fallback>
                              </xi:include>
                              <xi:include href="logcallsummary_v2.xml">
                                 <xi:fallback>
                                    <para><emphasis>Streamlog schema loading error. Could not find: logcallsummary_v2.xml</emphasis></para>
                                 </xi:fallback>
                              </xi:include>
                           </field>
                        </case>
                        <!-- EBSC SLOG_LOG_CALL_SUMMARY, v3 -->
                        <case value="3">
                           <field>
                              <name>EBSC LogCallSummary Subtree</name>
                              <datatype>struct</datatype>
                              <xi:include href="slog_datatypes_v1.xml">
                                 <xi:fallback>
                                    <para><emphasis>Streamlog schema loading error. Could not find: slog_datatypes_v1.xml</emphasis></para>
                                 </xi:fallback>
                              </xi:include>
                              <xi:include href="slog_datatypes_v2.xml">
                                 <xi:fallback>
                                    <para><emphasis>Streamlog schema loading error. Could not find: slog_datatypes_v2.xml</emphasis></para>
                                 </xi:fallback>
                              </xi:include>
                              <xi:include href="slog_datatypes_v3.xml">
                                 <xi:fallback>
                                    <para><emphasis>Streamlog schema loading error. Could not find: slog_datatypes_v3.xml</emphasis></para>
                                 </xi:fallback>
                              </xi:include>
                              <xi:include href="ebsc_header_v1.xml">
                                 <xi:fallback>
                                    <para><emphasis>Streamlog schema loading error. Could not find: ebsc_header_v1.xml</emphasis></para>
                                 </xi:fallback>
                              </xi:include>
                              <xi:include href="logcallsummary_v3.xml">
                                 <xi:fallback>
                                    <para><emphasis>Streamlog schema loading error. Could not find: logcallsummary_v3.xml</emphasis></para>
                                 </xi:fallback>
                              </xi:include>
                           </field>
                        </case>
                     </union>
                  </case>

                  <!-- EBSC SLOG_LOG_CALL_DROP_DATA -->
                  <case value="SLOG_LOG_CALL_DROP_DATA">
                     <union discriminant="CommonHeader_v1_struct.Log Version" >
                        <name>LogVersion_Union</name>
                        <!-- EBSC SLOG_LOG_CALL_DROP_DATA, v1 -->
                        <case value="1">
                           <field>
                              <name>EBSC LogCallDropData Subtree</name>
                              <datatype>struct</datatype>
                              <xi:include href="slog_datatypes_v1.xml">
                                 <xi:fallback>
                                    <para><emphasis>Streamlog schema loading error. Could not find: slog_datatypes_v1.xml</emphasis></para>
                                 </xi:fallback>
                              </xi:include>
                              <xi:include href="ebsc_header_v1.xml">
                                 <xi:fallback>
                                    <para><emphasis>Streamlog schema loading error. Could not find: ebsc_header_v1.xml</emphasis></para>
                                 </xi:fallback>
                              </xi:include>
                              <xi:include href="calldropdata_v1.xml">
                                 <xi:fallback>
                                    <para><emphasis>Streamlog schema loading error. Could not find: calldropdata_v1.xml</emphasis></para>
                                 </xi:fallback>
                              </xi:include>
                           </field>
                        </case>
                     </union>
                  </case>

                  <!-- EBSC DATA_SESSION_USAGE -->
                  <case value="SLOG_DATA_SESSION_USAGE">
                     <union discriminant="CommonHeader_v1_struct.Log Version" >
                        <name>LogVersion_Union</name>
                        <!-- EBSC DATA_SESSION_USAGE, v1 -->
                        <case value="1">
                           <field>
                              <name>EBSC DataSessionUsage Subtree</name>
                              <datatype>struct</datatype>
                              <xi:include href="slog_datatypes_v1.xml">
                                 <xi:fallback>
                                    <para><emphasis>Streamlog schema loading error. Could not find: slog_datatypes_v1.xml</emphasis></para>
                                 </xi:fallback>
                              </xi:include>
                              <xi:include href="ebsc_header_v1.xml">
                                 <xi:fallback>
                                    <para><emphasis>Streamlog schema loading error. Could not find: ebsc_header_v1.xml</emphasis></para>
                                 </xi:fallback>
                              </xi:include>
                              <xi:include href="datasessionusage_v1.xml">
                                 <xi:fallback>
                                    <para><emphasis>Streamlog schema loading error. Could not find: datasessionusage_v1.xml</emphasis></para>
                                 </xi:fallback>
                              </xi:include>
                           </field>
                        </case>
                     </union>
                  </case>

                  <!-- EBSC SLOG_LOG_NEIGHBOR_LIST_TUNING_ARRAY -->
                  <case value="SLOG_LOG_NEIGHBOR_LIST_TUNING_ARRAY">
                     <union discriminant="CommonHeader_v1_struct.Log Version" >
                        <name>LogVersion_Union</name>
                        <!-- EBSC SLOG_LOG_NEIGHBOR_LIST_TUNING_ARRAY, v1 -->
                        <case value="1">
                           <field>
                              <name>EBSC NLTA Subtree</name>
                              <datatype>struct</datatype>
                              <xi:include href="slog_datatypes_v1.xml">
                                 <xi:fallback>
                                    <para><emphasis>Streamlog schema loading error. Could not find: slog_datatypes_v1.xml</emphasis></para>
                                 </xi:fallback>
                              </xi:include>
                              <xi:include href="ebsc_header_v1.xml">
                                 <xi:fallback>
                                    <para><emphasis>Streamlog schema loading error. Could not find: ebsc_header_v1.xml</emphasis></para>
                                 </xi:fallback>
                              </xi:include>
                              <xi:include href="nlta_v1.xml">
                                 <xi:fallback>
                                    <para><emphasis>Streamlog schema loading error. Could not find: nlta_v1.xml</emphasis></para>
                                 </xi:fallback>
                              </xi:include>
                           </field>
                        </case>
                     </union>
                  </case>

                  <!-- EBSC SLOG_LOG_ACTIVE_SET_NL_UPDATE -->
                  <case value="SLOG_LOG_ACTIVE_SET_NL_UPDATE">
                     <union discriminant="CommonHeader_v1_struct.Log Version" >
                        <name>LogVersion_Union</name>
                        <!-- EBSC SLOG_LOG_ACTIVE_SET_NL_UPDATE, v1 -->
                        <case value="1">
                           <field>
                              <name>EBSC ActiveSetNLUpdate Subtree</name>
                              <datatype>struct</datatype>
                              <xi:include href="slog_datatypes_v1.xml">
                                 <xi:fallback>
                                    <para><emphasis>Streamlog schema loading error. Could not find: slog_datatypes_v1.xml</emphasis></para>
                                 </xi:fallback>
                              </xi:include>
                              <xi:include href="ebsc_header_v1.xml">
                                 <xi:fallback>
                                    <para><emphasis>Streamlog schema loading error. Could not find: ebsc_header_v1.xml</emphasis></para>
                                 </xi:fallback>
                              </xi:include>
                              <xi:include href="activeset_nl_upd_v1.xml">
                                 <xi:fallback>
                                    <para><emphasis>Streamlog schema loading error. Could not find: activeset_nl_upd_v1.xml</emphasis></para>
                                 </xi:fallback>
                              </xi:include>
                           </field>
                        </case>
                     </union>
                  </case>

                  <!-- EBSC SLOG_LOG_SCH_ACTIVE_SET_CHANGE -->
                  <case value="SLOG_LOG_SCH_ACTIVE_SET_CHANGE">
                     <union discriminant="CommonHeader_v1_struct.Log Version" >
                        <name>LogVersion_Union</name>
                        <!-- EBSC SLOG_LOG_SCH_ACTIVE_SET_CHANGE, v1 -->
                        <case value="1">
                           <field>
                              <name>EBSC SCHActiveSetChange Subtree</name>
                              <datatype>struct</datatype>
                              <xi:include href="slog_datatypes_v1.xml">
                                 <xi:fallback>
                                    <para><emphasis>Streamlog schema loading error. Could not find: slog_datatypes_v1.xml</emphasis></para>
                                 </xi:fallback>
                              </xi:include>
                              <xi:include href="ebsc_header_v1.xml">
                                 <xi:fallback>
                                    <para><emphasis>Streamlog schema loading error. Could not find: ebsc_header_v1.xml</emphasis></para>
                                 </xi:fallback>
                              </xi:include>
                              <xi:include href="schactivesetchange_v1.xml">
                                 <xi:fallback>
                                    <para><emphasis>Streamlog schema loading error. Could not find: schactivesetchange_v1.xml</emphasis></para>
                                 </xi:fallback>
                              </xi:include>
                           </field>
                        </case>
                     </union>
                  </case>

                  <!-- EBSC SLOG_LOG_ROUND_TRIP_DELAY -->
                  <case value="SLOG_LOG_ROUND_TRIP_DELAY">
                     <union discriminant="CommonHeader_v1_struct.Log Version" >
                        <name>LogVersion_Union</name>
                        <!-- EBSC SLOG_LOG_ROUND_TRIP_DELAY, v1 -->
                        <case value="1">
                           <field>
                              <name>EBSC RTD Subtree</name>
                              <datatype>struct</datatype>
                              <xi:include href="slog_datatypes_v1.xml">
                                 <xi:fallback>
                                    <para><emphasis>Streamlog schema loading error. Could not find: slog_datatypes_v1.xml</emphasis></para>
                                 </xi:fallback>
                              </xi:include>
                              <xi:include href="ebsc_header_v1.xml">
                                 <xi:fallback>
                                    <para><emphasis>Streamlog schema loading error. Could not find: ebsc_header_v1.xml</emphasis></para>
                                 </xi:fallback>
                              </xi:include>
                              <xi:include href="roundtripdelay_v1.xml">
                                 <xi:fallback>
                                    <para><emphasis>Streamlog schema loading error. Could not find: roundtripdelay_v1.xml</emphasis></para>
                                 </xi:fallback>
                              </xi:include>
                           </field>
                        </case>
                     </union>
                  </case>

                  <!-- EBSC SLOG_LOG_LINK_FER_DATA -->
                  <case value="SLOG_LOG_LINK_FER_DATA">
                     <union discriminant="CommonHeader_v1_struct.Log Version" >
                        <name>LogVersion_Union</name>
                        <!-- EBSC SLOG_LOG_LINK_FER_DATA, v1 -->
                        <case value="1">
                           <field>
                              <name>EBSC FERData Subtree</name>
                              <datatype>struct</datatype>
                              <xi:include href="slog_datatypes_v1.xml">
                                 <xi:fallback>
                                    <para><emphasis>Streamlog schema loading error. Could not find: slog_datatypes_v1.xml</emphasis></para>
                                 </xi:fallback>
                              </xi:include>
                              <xi:include href="ebsc_header_v1.xml">
                                 <xi:fallback>
                                    <para><emphasis>Streamlog schema loading error. Could not find: ebsc_header_v1.xml</emphasis></para>
                                 </xi:fallback>
                              </xi:include>
                              <xi:include href="linkferdata_v1.xml">
                                 <xi:fallback>
                                    <para><emphasis>Streamlog schema loading error. Could not find: linkferdata_v1.xml</emphasis></para>
                                 </xi:fallback>
                              </xi:include>
                           </field>
                        </case>
                     </union>
                  </case>
               </union>
            </case>

            <!-- SBS Data Logs -->
            <case value="SLOG_SBS_NODE">
               <union discriminant="CommonHeader_v1_struct.Log Type" >
                  <name>LogType_Union</name>

                  <!-- SBS SLOG_LOG_CALL_SUMMARY -->
                  <case value="SLOG_LOG_CALL_SUMMARY">
                     <union discriminant="CommonHeader_v1_struct.Log Version" >
                        <name>LogVersion_Union</name>
                        <!-- SBS SLOG_LOG_CALL_SUMMARY, v1 -->
                        <case value="1">
                           <field>
                              <name>SBS LogCallSummary Subtree</name>
                              <datatype>struct</datatype>
                              <xi:include href="slog_datatypes_v1.xml">
                                 <xi:fallback>
                                    <para><emphasis>Streamlog schema loading error. Could not find: slog_datatypes_v1.xml</emphasis></para>
                                 </xi:fallback>
                              </xi:include>
                              <xi:include href="sbs_header_v1.xml">
                                 <xi:fallback>
                                    <para><emphasis>Streamlog schema loading error. Could not find: sbs_header_v1.xml</emphasis></para>
                                 </xi:fallback>
                              </xi:include>
                              <xi:include href="logcallsummary_v1.xml">
                                 <xi:fallback>
                                    <para><emphasis>Streamlog schema loading error. Could not find: logcallsummary_v1.xml</emphasis></para>
                                 </xi:fallback>
                              </xi:include>
                           </field>
                        </case>
                        <!-- SBS SLOG_LOG_CALL_SUMMARY, v2 -->
                        <case value="2">
                           <field>
                              <name>SBS LogCallSummary Subtree</name>
                              <datatype>struct</datatype>
                              <xi:include href="slog_datatypes_v1.xml">
                                 <xi:fallback>
                                    <para><emphasis>Streamlog schema loading error. Could not find: slog_datatypes_v1.xml</emphasis></para>
                                 </xi:fallback>
                              </xi:include>
                              <xi:include href="slog_datatypes_v2.xml">
                                 <xi:fallback>
                                    <para><emphasis>Streamlog schema loading error. Could not find: slog_datatypes_v2.xml</emphasis></para>
                                 </xi:fallback>
                              </xi:include>
                              <xi:include href="sbs_header_v1.xml">
                                 <xi:fallback>
                                    <para><emphasis>Streamlog schema loading error. Could not find: sbs_header_v1.xml</emphasis></para>
                                 </xi:fallback>
                              </xi:include>
                              <xi:include href="logcallsummary_v2.xml">
                                 <xi:fallback>
                                    <para><emphasis>Streamlog schema loading error. Could not find: logcallsummary_v2.xml</emphasis></para>
                                 </xi:fallback>
                              </xi:include>
                           </field>
                        </case>
                        <!-- SBS SLOG_LOG_CALL_SUMMARY, v3 -->
                        <case value="3">
                           <field>
                              <name>SBS LogCallSummary Subtree</name>
                              <datatype>struct</datatype>
                              <xi:include href="slog_datatypes_v1.xml">
                                 <xi:fallback>
                                    <para><emphasis>Streamlog schema loading error. Could not find: slog_datatypes_v1.xml</emphasis></para>
                                 </xi:fallback>
                              </xi:include>
                              <xi:include href="slog_datatypes_v2.xml">
                                 <xi:fallback>
                                    <para><emphasis>Streamlog schema loading error. Could not find: slog_datatypes_v2.xml</emphasis></para>
                                 </xi:fallback>
                              </xi:include>
                              <xi:include href="slog_datatypes_v3.xml">
                                 <xi:fallback>
                                    <para><emphasis>Streamlog schema loading error. Could not find: slog_datatypes_v3.xml</emphasis></para>
                                 </xi:fallback>
                              </xi:include>
                              <xi:include href="sbs_header_v1.xml">
                                 <xi:fallback>
                                    <para><emphasis>Streamlog schema loading error. Could not find: sbs_header_v1.xml</emphasis></para>
                                 </xi:fallback>
                              </xi:include>
                              <xi:include href="logcallsummary_v3.xml">
                                 <xi:fallback>
                                    <para><emphasis>Streamlog schema loading error. Could not find: logcallsummary_v3.xml</emphasis></para>
                                 </xi:fallback>
                              </xi:include>
                           </field>
                        </case>
                     </union>
                  </case>

                  <!-- SBS SLOG_LOG_CALL_DROP_DATA -->
                  <case value="SLOG_LOG_CALL_DROP_DATA">
                     <union discriminant="CommonHeader_v1_struct.Log Version" >
                        <name>LogVersion_Union</name>
                        <!-- SBS SLOG_LOG_CALL_DROP_DATA, v1 -->
                        <case value="1">
                           <field>
                              <name>SBS LogCallDropData Subtree</name>
                              <datatype>struct</datatype>
                              <xi:include href="slog_datatypes_v1.xml">
                                 <xi:fallback>
                                    <para><emphasis>Streamlog schema loading error. Could not find: slog_datatypes_v1.xml</emphasis></para>
                                 </xi:fallback>
                              </xi:include>
                              <xi:include href="sbs_header_v1.xml">
                                 <xi:fallback>
                                    <para><emphasis>Streamlog schema loading error. Could not find: sbs_header_v1.xml</emphasis></para>
                                 </xi:fallback>
                              </xi:include>
                              <xi:include href="calldropdata_v1.xml">
                                 <xi:fallback>
                                    <para><emphasis>Streamlog schema loading error. Could not find: calldropdata_v1.xml</emphasis></para>
                                 </xi:fallback>
                              </xi:include>
                           </field>
                        </case>
                     </union>
                  </case>

                  <!-- SBS DATA_SESSION_USAGE -->
                  <case value="SLOG_DATA_SESSION_USAGE">
                     <union discriminant="CommonHeader_v1_struct.Log Version" >
                        <name>LogVersion_Union</name>
                        <!-- SBS DATA_SESSION_USAGE, v1 -->
                        <case value="1">
                           <field>
                              <name>SBS DataSessionUsage Subtree</name>
                              <datatype>struct</datatype>
                              <xi:include href="slog_datatypes_v1.xml">
                                 <xi:fallback>
                                    <para><emphasis>Streamlog schema loading error. Could not find: slog_datatypes_v1.xml</emphasis></para>
                                 </xi:fallback>
                              </xi:include>
                              <xi:include href="sbs_header_v1.xml">
                                 <xi:fallback>
                                    <para><emphasis>Streamlog schema loading error. Could not find: sbs_header_v1.xml</emphasis></para>
                                 </xi:fallback>
                              </xi:include>
                              <xi:include href="datasessionusage_v1.xml">
                                 <xi:fallback>
                                    <para><emphasis>Streamlog schema loading error. Could not find: datasessionusage_v1.xml</emphasis></para>
                                 </xi:fallback>
                              </xi:include>
                           </field>
                        </case>
                     </union>
                  </case>

                  <!-- SBS SLOG_LOG_NEIGHBOR_LIST_TUNING_ARRAY -->
                  <case value="SLOG_LOG_NEIGHBOR_LIST_TUNING_ARRAY">
                     <union discriminant="CommonHeader_v1_struct.Log Version" >
                        <name>LogVersion_Union</name>
                        <!-- SBS SLOG_LOG_NEIGHBOR_LIST_TUNING_ARRAY, v1 -->
                        <case value="1">
                           <field>
                              <name>SBS NLTA Subtree</name>
                              <datatype>struct</datatype>
                              <xi:include href="slog_datatypes_v1.xml">
                                 <xi:fallback>
                                    <para><emphasis>Streamlog schema loading error. Could not find: slog_datatypes_v1.xml</emphasis></para>
                                 </xi:fallback>
                              </xi:include>
                              <xi:include href="sbs_header_v1.xml">
                                 <xi:fallback>
                                    <para><emphasis>Streamlog schema loading error. Could not find: sbs_header_v1.xml</emphasis></para>
                                 </xi:fallback>
                              </xi:include>
                              <xi:include href="nlta_v1.xml">
                                 <xi:fallback>
                                    <para><emphasis>Streamlog schema loading error. Could not find: nlta_v1.xml</emphasis></para>
                                 </xi:fallback>
                              </xi:include>
                           </field>
                        </case>
                     </union>
                  </case>

                  <!-- SBS SLOG_LOG_ACTIVE_SET_NL_UPDATE -->
                  <case value="SLOG_LOG_ACTIVE_SET_NL_UPDATE">
                     <union discriminant="CommonHeader_v1_struct.Log Version" >
                        <name>LogVersion_Union</name>
                        <!-- SBS SLOG_LOG_ACTIVE_SET_NL_UPDATE, v1 -->
                        <case value="1">
                           <field>
                              <name>SBS ActiveSetNLUpdate Subtree</name>
                              <datatype>struct</datatype>
                              <xi:include href="slog_datatypes_v1.xml">
                                 <xi:fallback>
                                    <para><emphasis>Streamlog schema loading error. Could not find: slog_datatypes_v1.xml</emphasis></para>
                                 </xi:fallback>
                              </xi:include>
                              <xi:include href="sbs_header_v1.xml">
                                 <xi:fallback>
                                    <para><emphasis>Streamlog schema loading error. Could not find: sbs_header_v1.xml</emphasis></para>
                                 </xi:fallback>
                              </xi:include>
                              <xi:include href="activeset_nl_upd_v1.xml">
                                 <xi:fallback>
                                    <para><emphasis>Streamlog schema loading error. Could not find: activeset_nl_upd_v1.xml</emphasis></para>
                                 </xi:fallback>
                              </xi:include>
                           </field>
                        </case>
                     </union>
                  </case>

                  <!-- SBS SLOG_LOG_SCH_ACTIVE_SET_CHANGE -->
                  <case value="SLOG_LOG_SCH_ACTIVE_SET_CHANGE">
                     <union discriminant="CommonHeader_v1_struct.Log Version" >
                        <name>LogVersion_Union</name>
                        <!-- SBS SLOG_LOG_SCH_ACTIVE_SET_CHANGE, v1 -->
                        <case value="1">
                           <field>
                              <name>SBS SCHActiveSetChange Subtree</name>
                              <datatype>struct</datatype>
                              <xi:include href="slog_datatypes_v1.xml">
                                 <xi:fallback>
                                    <para><emphasis>Streamlog schema loading error. Could not find: slog_datatypes_v1.xml</emphasis></para>
                                 </xi:fallback>
                              </xi:include>
                              <xi:include href="sbs_header_v1.xml">
                                 <xi:fallback>
                                    <para><emphasis>Streamlog schema loading error. Could not find: sbs_header_v1.xml</emphasis></para>
                                 </xi:fallback>
                              </xi:include>
                              <xi:include href="schactivesetchange_v1.xml">
                                 <xi:fallback>
                                    <para><emphasis>Streamlog schema loading error. Could not find: schactivesetchange_v1.xml</emphasis></para>
                                 </xi:fallback>
                              </xi:include>
                           </field>
                        </case>
                     </union>
                  </case>

                  <!-- SBS SLOG_LOG_ROUND_TRIP_DELAY -->
                  <case value="SLOG_LOG_ROUND_TRIP_DELAY">
                     <union discriminant="CommonHeader_v1_struct.Log Version" >
                        <name>LogVersion_Union</name>
                        <!-- SBS SLOG_LOG_ROUND_TRIP_DELAY, v1 -->
                        <case value="1">
                           <field>
                              <name>SBS RTD Subtree</name>
                              <datatype>struct</datatype>
                              <xi:include href="slog_datatypes_v1.xml">
                                 <xi:fallback>
                                    <para><emphasis>Streamlog schema loading error. Could not find: slog_datatypes_v1.xml</emphasis></para>
                                 </xi:fallback>
                              </xi:include>
                              <xi:include href="sbs_header_v1.xml">
                                 <xi:fallback>
                                    <para><emphasis>Streamlog schema loading error. Could not find: sbs_header_v1.xml</emphasis></para>
                                 </xi:fallback>
                              </xi:include>
                              <xi:include href="roundtripdelay_v1.xml">
                                 <xi:fallback>
                                    <para><emphasis>Streamlog schema loading error. Could not find: roundtripdelay_v1.xml</emphasis></para>
                                 </xi:fallback>
                              </xi:include>
                           </field>
                        </case>
                     </union>
                  </case>

                  <!-- SBS SLOG_LOG_LINK_FER_DATA -->
                  <case value="SLOG_LOG_LINK_FER_DATA">
                     <union discriminant="CommonHeader_v1_struct.Log Version" >
                        <name>LogVersion_Union</name>
                        <!-- SBS SLOG_LOG_LINK_FER_DATA, v1 -->
                        <case value="1">
                           <field>
                              <name>SBS FERData Subtree</name>
                              <datatype>struct</datatype>
                              <xi:include href="slog_datatypes_v1.xml">
                                 <xi:fallback>
                                    <para><emphasis>Streamlog schema loading error. Could not find: slog_datatypes_v1.xml</emphasis></para>
                                 </xi:fallback>
                              </xi:include>
                              <xi:include href="sbs_header_v1.xml">
                                 <xi:fallback>
                                    <para><emphasis>Streamlog schema loading error. Could not find: sbs_header_v1.xml</emphasis></para>
                                 </xi:fallback>
                              </xi:include>
                              <xi:include href="linkferdata_v1.xml">
                                 <xi:fallback>
                                    <para><emphasis>Streamlog schema loading error. Could not find: linkferdata_v1.xml</emphasis></para>
                                 </xi:fallback>
                              </xi:include>
                           </field>
                        </case>
                     </union>
                  </case>
               </union>
            </case>
         </union>
      </case>

      <!-- Control Logs -->
      <case value="SLOG_CONTROL_LOG">
         <union discriminant="CommonHeader_v1_struct.Node Type" >
            <name>NodeType_Union</name>

            <!-- EBSC Control Logs -->
            <case value="SLOG_EBSC_NODE">
               <union discriminant="CommonHeader_v1_struct.Log Type" >
                  <name>LogType_Union</name>

                  <!-- EBSC SLOG_CTRL_CONNECTION_ESTABLISHED -->
                  <case value="SLOG_CTRL_CONNECTION_ESTABLISHED">
                     <union discriminant="CommonHeader_v1_struct.Log Version" >
                        <name>LogVersion_Union</name>
                        <!-- EBSC SLOG_CTRL_CONNECTION_ESTABLISHED, v1 -->
                        <case value="1">
                           <field>
                              <name>EBSC ConnectionEstablished Subtree</name>
                              <datatype>struct</datatype>
                              <xi:include href="slog_datatypes_v1.xml">
                                 <xi:fallback>
                                    <para><emphasis>Streamlog schema loading error. Could not find: slog_datatypes_v1.xml</emphasis></para>
                                 </xi:fallback>
                              </xi:include>
                              <xi:include href="ebsc_control_header_v1.xml">
                                 <xi:fallback>
                                    <para><emphasis>Streamlog schema loading error. Could not find: ebsc_control_header_v1.xml</emphasis></para>
                                 </xi:fallback>
                              </xi:include>
                              <xi:include href="conn_est_v1.xml">
                                 <xi:fallback>
                                    <para><emphasis>Streamlog schema loading error. Could not find: conn_est_v1.xml</emphasis></para>
                                 </xi:fallback>
                              </xi:include>
                           </field>
                        </case>
                     </union>
                  </case>

                  <!-- EBSC SLOG_CTRL_LOCK -->
                  <case value="SLOG_CTRL_LOCK">
                     <union discriminant="CommonHeader_v1_struct.Log Version" >
                        <name>LogVersion_Union</name>
                        <!-- EBSC SLOG_CTRL_LOCK, v1 -->
                        <case value="1">
                           <field>
                              <name>EBSC Lock Subtree</name>
                              <datatype>struct</datatype>
                              <xi:include href="slog_datatypes_v1.xml">
                                 <xi:fallback>
                                    <para><emphasis>Streamlog schema loading error. Could not find: slog_datatypes_v1.xml</emphasis></para>
                                 </xi:fallback>
                              </xi:include>
                              <xi:include href="ebsc_control_header_v1.xml">
                                 <xi:fallback>
                                    <para><emphasis>Streamlog schema loading error. Could not find: ebsc_control_header_v1.xml</emphasis></para>
                                 </xi:fallback>
                              </xi:include>
                              <xi:include href="lock_v1.xml">
                                 <xi:fallback>
                                    <para><emphasis>Streamlog schema loading error. Could not find: lock_v1.xml</emphasis></para>
                                 </xi:fallback>
                              </xi:include>
                           </field>
                        </case>
                     </union>
                  </case>

                  <!-- EBSC SLOG_CTRL_FL_CPU_OVLD -->
                  <case value="SLOG_CTRL_FL_CPU_OVLD">
                     <union discriminant="CommonHeader_v1_struct.Log Version" >
                        <name>LogVersion_Union</name>
                        <!-- EBSC SLOG_CTRL_FL_CPU_OVLD, v1 -->
                        <case value="1">
                           <field>
                              <name>EBSC FL_CPU_Ovld Subtree</name>
                              <datatype>struct</datatype>
                              <xi:include href="slog_datatypes_v1.xml">
                                 <xi:fallback>
                                    <para><emphasis>Streamlog schema loading error. Could not find: slog_datatypes_v1.xml</emphasis></para>
                                 </xi:fallback>
                              </xi:include>
                              <xi:include href="ebsc_control_header_v1.xml">
                                 <xi:fallback>
                                    <para><emphasis>Streamlog schema loading error. Could not find: ebsc_control_header_v1.xml</emphasis></para>
                                 </xi:fallback>
                              </xi:include>
                              <xi:include href="fl_cpuovld_v1.xml">
                                 <xi:fallback>
                                    <para><emphasis>Streamlog schema loading error. Could not find: fl_cpuovld_v1.xml</emphasis></para>
                                 </xi:fallback>
                              </xi:include>
                           </field>
                        </case>
                     </union>
                  </case>

                  <!-- EBSC SLOG_CTRL_FL_CPU_OVLD_ABATED -->
                  <case value="SLOG_CTRL_FL_CPU_OVLD_ABATED">
                     <union discriminant="CommonHeader_v1_struct.Log Version" >
                        <name>LogVersion_Union</name>
                        <!-- EBSC SLOG_CTRL_FL_CPU_OVLD_ABATED, v1 -->
                        <case value="1">
                           <field>
                              <name>EBSC FL_CPU_OvldAbated Subtree</name>
                              <datatype>struct</datatype>
                              <xi:include href="slog_datatypes_v1.xml">
                                 <xi:fallback>
                                    <para><emphasis>Streamlog schema loading error. Could not find: slog_datatypes_v1.xml</emphasis></para>
                                 </xi:fallback>
                              </xi:include>
                              <xi:include href="ebsc_control_header_v1.xml">
                                 <xi:fallback>
                                    <para><emphasis>Streamlog schema loading error. Could not find: ebsc_control_header_v1.xml</emphasis></para>
                                 </xi:fallback>
                              </xi:include>
                              <xi:include href="fl_cpuovld_abated_v1.xml">
                                 <xi:fallback>
                                    <para><emphasis>Streamlog schema loading error. Could not find: fl_cpuovld_abated_v1.xml</emphasis></para>
                                 </xi:fallback>
                              </xi:include>
                           </field>
                        </case>
                     </union>
                  </case>

                  <!-- EBSC SLOG_CTRL_SL_CPU_OVLD -->
                  <case value="SLOG_CTRL_SL_CPU_OVLD">
                     <union discriminant="CommonHeader_v1_struct.Log Version" >
                        <name>LogVersion_Union</name>
                        <!-- EBSC SLOG_CTRL_SL_CPU_OVLD, v1 -->
                        <case value="1">
                           <field>
                              <name>EBSC SL_CPU_Ovld Subtree</name>
                              <datatype>struct</datatype>
                              <xi:include href="slog_datatypes_v1.xml">
                                 <xi:fallback>
                                    <para><emphasis>Streamlog schema loading error. Could not find: slog_datatypes_v1.xml</emphasis></para>
                                 </xi:fallback>
                              </xi:include>
                              <xi:include href="ebsc_control_header_v1.xml">
                                 <xi:fallback>
                                    <para><emphasis>Streamlog schema loading error. Could not find: ebsc_control_header_v1.xml</emphasis></para>
                                 </xi:fallback>
                              </xi:include>
                              <xi:include href="sl_cpuovld_v1.xml">
                                 <xi:fallback>
                                    <para><emphasis>Streamlog schema loading error. Could not find: sl_cpuovld_v1.xml</emphasis></para>
                                 </xi:fallback>
                              </xi:include>
                           </field>
                        </case>
                     </union>
                  </case>

                  <!-- EBSC SLOG_CTRL_SL_CPU_OVLD_ABATED -->
                  <case value="SLOG_CTRL_SL_CPU_OVLD_ABATED">
                     <union discriminant="CommonHeader_v1_struct.Log Version" >
                        <name>LogVersion_Union</name>
                        <!-- EBSC SLOG_CTRL_SL_CPU_OVLD_ABATED, v1 -->
                        <case value="1">
                           <field>
                              <name>EBSC SL_CPU_OvldAbated Subtree</name>
                              <datatype>struct</datatype>
                              <xi:include href="slog_datatypes_v1.xml">
                                 <xi:fallback>
                                    <para><emphasis>Streamlog schema loading error. Could not find: slog_datatypes_v1.xml</emphasis></para>
                                 </xi:fallback>
                              </xi:include>
                              <xi:include href="ebsc_control_header_v1.xml">
                                 <xi:fallback>
                                    <para><emphasis>Streamlog schema loading error. Could not find: ebsc_control_header_v1.xml</emphasis></para>
                                 </xi:fallback>
                              </xi:include>
                              <xi:include href="sl_cpuovld_abated_v1.xml">
                                 <xi:fallback>
                                    <para><emphasis>Streamlog schema loading error. Could not find: sl_cpuovld_abated_v1.xml</emphasis></para>
                                 </xi:fallback>
                              </xi:include>
                           </field>
                        </case>
                     </union>
                  </case>

                  <!-- EBSC SLOG_CTRL_QUEUE_OVERFLOW -->
                  <case value="SLOG_CTRL_QUEUE_OVERFLOW">
                     <union discriminant="CommonHeader_v1_struct.Log Version" >
                        <name>LogVersion_Union</name>
                        <!-- EBSC SLOG_CTRL_QUEUE_OVERFLOW, v1 -->
                        <case value="1">
                           <field>
                              <name>EBSC QueueOverflow Subtree</name>
                              <datatype>struct</datatype>
                              <xi:include href="slog_datatypes_v1.xml">
                                 <xi:fallback>
                                    <para><emphasis>Streamlog schema loading error. Could not find: slog_datatypes_v1.xml</emphasis></para>
                                 </xi:fallback>
                              </xi:include>
                              <xi:include href="ebsc_control_header_v1.xml">
                                 <xi:fallback>
                                    <para><emphasis>Streamlog schema loading error. Could not find: ebsc_control_header_v1.xml</emphasis></para>
                                 </xi:fallback>
                              </xi:include>
                              <xi:include href="q_overflow_v1.xml">
                                 <xi:fallback>
                                    <para><emphasis>Streamlog schema loading error. Could not find: q_overflow_v1.xml</emphasis></para>
                                 </xi:fallback>
                              </xi:include>
                           </field>
                        </case>
                     </union>
                  </case>

                  <!-- EBSC SLOG_CTRL_QUEUE_THRESHOLD -->
                  <case value="SLOG_CTRL_QUEUE_THRESHOLD">
                     <union discriminant="CommonHeader_v1_struct.Log Version" >
                        <name>LogVersion_Union</name>
                        <!-- EBSC SLOG_CTRL_QUEUE_THRESHOLD, v1 -->
                        <case value="1">
                           <field>
                              <name>EBSC QueueThreshold Subtree</name>
                              <datatype>struct</datatype>
                              <xi:include href="slog_datatypes_v1.xml">
                                 <xi:fallback>
                                    <para><emphasis>Streamlog schema loading error. Could not find: slog_datatypes_v1.xml</emphasis></para>
                                 </xi:fallback>
                              </xi:include>
                              <xi:include href="ebsc_control_header_v1.xml">
                                 <xi:fallback>
                                    <para><emphasis>Streamlog schema loading error. Could not find: ebsc_control_header_v1.xml</emphasis></para>
                                 </xi:fallback>
                              </xi:include>
                              <xi:include href="q_thrshld_v1.xml">
                                 <xi:fallback>
                                    <para><emphasis>Streamlog schema loading error. Could not find: q_thrshld_v1.xml</emphasis></para>
                                 </xi:fallback>
                              </xi:include>
                           </field>
                        </case>
                     </union>
                  </case>

                  <!-- EBSC SLOG_CTRL_QUEUE_THRESHOLD_ABATED -->
                  <case value="SLOG_CTRL_QUEUE_THRESHOLD_ABATED">
                     <union discriminant="CommonHeader_v1_struct.Log Version" >
                        <name>LogVersion_Union</name>
                        <!-- EBSC SLOG_CTRL_QUEUE_THRESHOLD_ABATED, v1 -->
                        <case value="1">
                           <field>
                              <name>EBSC QueueThresholdAbated Subtree</name>
                              <datatype>struct</datatype>
                              <xi:include href="slog_datatypes_v1.xml">
                                 <xi:fallback>
                                    <para><emphasis>Streamlog schema loading error. Could not find: slog_datatypes_v1.xml</emphasis></para>
                                 </xi:fallback>
                              </xi:include>
                              <xi:include href="ebsc_control_header_v1.xml">
                                 <xi:fallback>
                                    <para><emphasis>Streamlog schema loading error. Could not find: ebsc_control_header_v1.xml</emphasis></para>
                                 </xi:fallback>
                              </xi:include>
                              <xi:include href="q_thrshld_abated_v1.xml">
                                 <xi:fallback>
                                    <para><emphasis>Streamlog schema loading error. Could not find: q_thrshld_abated_v1.xml</emphasis></para>
                                 </xi:fallback>
                              </xi:include>
                           </field>
                        </case>
                     </union>
                  </case>

                  <!-- EBSC SLOG_CTRL_STATS -->
                  <case value="SLOG_CTRL_STATS">
                     <union discriminant="CommonHeader_v1_struct.Log Version" >
                        <name>LogVersion_Union</name>
                        <!-- EBSC SLOG_CTRL_STATS, v1 -->
                        <case value="1">
                           <field>
                              <name>EBSC Stats Subtree</name>
                              <datatype>struct</datatype>
                              <xi:include href="slog_datatypes_v1.xml">
                                 <xi:fallback>
                                    <para><emphasis>Streamlog schema loading error. Could not find: slog_datatypes_v1.xml</emphasis></para>
                                 </xi:fallback>
                              </xi:include>
                              <xi:include href="ebsc_control_header_v1.xml">
                                 <xi:fallback>
                                    <para><emphasis>Streamlog schema loading error. Could not find: ebsc_control_header_v1.xml</emphasis></para>
                                 </xi:fallback>
                              </xi:include>
                              <xi:include href="stats_v1.xml">
                                 <xi:fallback>
                                    <para><emphasis>Streamlog schema loading error. Could not find: stats_v1.xml</emphasis></para>
                                 </xi:fallback>
                              </xi:include>
                           </field>
                        </case>
                     </union>
                  </case>
               </union>
            </case>

            <!-- SBS Control Logs -->
            <case value="SLOG_SBS_NODE">
               <union discriminant="CommonHeader_v1_struct.Log Type" >
                  <name>LogType_Union</name>

                  <!-- SBS SLOG_CTRL_CONNECTION_ESTABLISHED -->
                  <case value="SLOG_CTRL_CONNECTION_ESTABLISHED">
                     <union discriminant="CommonHeader_v1_struct.Log Version" >
                        <name>LogVersion_Union</name>
                        <!-- SBS SLOG_CTRL_CONNECTION_ESTABLISHED, v1 -->
                        <case value="1">
                           <field>
                              <name>SBS ConnectionEstablished Subtree</name>
                              <datatype>struct</datatype>
                              <xi:include href="slog_datatypes_v1.xml">
                                 <xi:fallback>
                                    <para><emphasis>Streamlog schema loading error. Could not find: slog_datatypes_v1.xml</emphasis></para>
                                 </xi:fallback>
                              </xi:include>
                              <xi:include href="sbs_control_header_v1.xml">
                                 <xi:fallback>
                                    <para><emphasis>Streamlog schema loading error. Could not find: sbs_control_header_v1.xml</emphasis></para>
                                 </xi:fallback>
                              </xi:include>
                              <xi:include href="conn_est_v1.xml">
                                 <xi:fallback>
                                    <para><emphasis>Streamlog schema loading error. Could not find: conn_est_v1.xml</emphasis></para>
                                 </xi:fallback>
                              </xi:include>
                           </field>
                        </case>
                     </union>
                  </case>

                  <!-- SBS SLOG_CTRL_LOCK -->
                  <case value="SLOG_CTRL_LOCK">
                     <union discriminant="CommonHeader_v1_struct.Log Version" >
                        <name>LogVersion_Union</name>
                        <!-- SBS SLOG_CTRL_LOCK, v1 -->
                        <case value="1">
                           <field>
                              <name>SBS Lock Subtree</name>
                              <datatype>struct</datatype>
                              <xi:include href="slog_datatypes_v1.xml">
                                 <xi:fallback>
                                    <para><emphasis>Streamlog schema loading error. Could not find: slog_datatypes_v1.xml</emphasis></para>
                                 </xi:fallback>
                              </xi:include>
                              <xi:include href="sbs_control_header_v1.xml">
                                 <xi:fallback>
                                    <para><emphasis>Streamlog schema loading error. Could not find: sbs_control_header_v1.xml</emphasis></para>
                                 </xi:fallback>
                              </xi:include>
                              <xi:include href="lock_v1.xml">
                                 <xi:fallback>
                                    <para><emphasis>Streamlog schema loading error. Could not find: lock_v1.xml</emphasis></para>
                                 </xi:fallback>
                              </xi:include>
                           </field>
                        </case>
                     </union>
                  </case>

                  <!-- SBS SLOG_CTRL_FL_CPU_OVLD -->
                  <case value="SLOG_CTRL_FL_CPU_OVLD">
                     <union discriminant="CommonHeader_v1_struct.Log Version" >
                        <name>LogVersion_Union</name>
                        <!-- SBS SLOG_CTRL_FL_CPU_OVLD, v1 -->
                        <case value="1">
                           <field>
                              <name>SBS FL_CPU_Ovld Subtree</name>
                              <datatype>struct</datatype>
                              <xi:include href="slog_datatypes_v1.xml">
                                 <xi:fallback>
                                    <para><emphasis>Streamlog schema loading error. Could not find: slog_datatypes_v1.xml</emphasis></para>
                                 </xi:fallback>
                              </xi:include>
                              <xi:include href="sbs_control_header_v1.xml">
                                 <xi:fallback>
                                    <para><emphasis>Streamlog schema loading error. Could not find: sbs_control_header_v1.xml</emphasis></para>
                                 </xi:fallback>
                              </xi:include>
                              <xi:include href="fl_cpuovld_v1.xml">
                                 <xi:fallback>
                                    <para><emphasis>Streamlog schema loading error. Could not find: fl_cpuovld_v1.xml</emphasis></para>
                                 </xi:fallback>
                              </xi:include>
                           </field>
                        </case>
                     </union>
                  </case>

                  <!-- SBS SLOG_CTRL_FL_CPU_OVLD_ABATED -->
                  <case value="SLOG_CTRL_FL_CPU_OVLD_ABATED">
                     <union discriminant="CommonHeader_v1_struct.Log Version" >
                        <name>LogVersion_Union</name>
                        <!-- SBS SLOG_CTRL_FL_CPU_OVLD_ABATED, v1 -->
                        <case value="1">
                           <field>
                              <name>SBS FL_CPU_OvldAbated Subtree</name>
                              <datatype>struct</datatype>
                              <xi:include href="slog_datatypes_v1.xml">
                                 <xi:fallback>
                                    <para><emphasis>Streamlog schema loading error. Could not find: slog_datatypes_v1.xml</emphasis></para>
                                 </xi:fallback>
                              </xi:include>
                              <xi:include href="sbs_control_header_v1.xml">
                                 <xi:fallback>
                                    <para><emphasis>Streamlog schema loading error. Could not find: sbs_control_header_v1.xml</emphasis></para>
                                 </xi:fallback>
                              </xi:include>
                              <xi:include href="fl_cpuovld_abated_v1.xml">
                                 <xi:fallback>
                                    <para><emphasis>Streamlog schema loading error. Could not find: fl_cpuovld_abated_v1.xml</emphasis></para>
                                 </xi:fallback>
                              </xi:include>
                           </field>
                        </case>
                     </union>
                  </case>

                  <!-- SBS SLOG_CTRL_SL_CPU_OVLD -->
                  <case value="SLOG_CTRL_SL_CPU_OVLD">
                     <union discriminant="CommonHeader_v1_struct.Log Version" >
                        <name>LogVersion_Union</name>
                        <!-- SBS SLOG_CTRL_SL_CPU_OVLD, v1 -->
                        <case value="1">
                           <field>
                              <name>SBS SL_CPU_Ovld Subtree</name>
                              <datatype>struct</datatype>
                              <xi:include href="slog_datatypes_v1.xml">
                                 <xi:fallback>
                                    <para><emphasis>Streamlog schema loading error. Could not find: slog_datatypes_v1.xml</emphasis></para>
                                 </xi:fallback>
                              </xi:include>
                              <xi:include href="sbs_control_header_v1.xml">
                                 <xi:fallback>
                                    <para><emphasis>Streamlog schema loading error. Could not find: sbs_control_header_v1.xml</emphasis></para>
                                 </xi:fallback>
                              </xi:include>
                              <xi:include href="sl_cpuovld_v1.xml">
                                 <xi:fallback>
                                    <para><emphasis>Streamlog schema loading error. Could not find: sl_cpuovld_v1.xml</emphasis></para>
                                 </xi:fallback>
                              </xi:include>
                           </field>
                        </case>
                     </union>
                  </case>

                  <!-- SBS SLOG_CTRL_SL_CPU_OVLD_ABATED -->
                  <case value="SLOG_CTRL_SL_CPU_OVLD_ABATED">
                     <union discriminant="CommonHeader_v1_struct.Log Version" >
                        <name>LogVersion_Union</name>
                        <!-- SBS SLOG_CTRL_SL_CPU_OVLD_ABATED, v1 -->
                        <case value="1">
                           <field>
                              <name>SBS SL_CPU_OvldAbated Subtree</name>
                              <datatype>struct</datatype>
                              <xi:include href="slog_datatypes_v1.xml">
                                 <xi:fallback>
                                    <para><emphasis>Streamlog schema loading error. Could not find: slog_datatypes_v1.xml</emphasis></para>
                                 </xi:fallback>
                              </xi:include>
                              <xi:include href="sbs_control_header_v1.xml">
                                 <xi:fallback>
                                    <para><emphasis>Streamlog schema loading error. Could not find: sbs_control_header_v1.xml</emphasis></para>
                                 </xi:fallback>
                              </xi:include>
                              <xi:include href="sl_cpuovld_abated_v1.xml">
                                 <xi:fallback>
                                    <para><emphasis>Streamlog schema loading error. Could not find: sl_cpuovld_abated_v1.xml</emphasis></para>
                                 </xi:fallback>
                              </xi:include>
                           </field>
                        </case>
                     </union>
                  </case>

                  <!-- SBS SLOG_CTRL_QUEUE_OVERFLOW -->
                  <case value="SLOG_CTRL_QUEUE_OVERFLOW">
                     <union discriminant="CommonHeader_v1_struct.Log Version" >
                        <name>LogVersion_Union</name>
                        <!-- SBS SLOG_CTRL_QUEUE_OVERFLOW, v1 -->
                        <case value="1">
                           <field>
                              <name>SBS QueueOverflow Subtree</name>
                              <datatype>struct</datatype>
                              <xi:include href="slog_datatypes_v1.xml">
                                 <xi:fallback>
                                    <para><emphasis>Streamlog schema loading error. Could not find: slog_datatypes_v1.xml</emphasis></para>
                                 </xi:fallback>
                              </xi:include>
                              <xi:include href="sbs_control_header_v1.xml">
                                 <xi:fallback>
                                    <para><emphasis>Streamlog schema loading error. Could not find: sbs_control_header_v1.xml</emphasis></para>
                                 </xi:fallback>
                              </xi:include>
                              <xi:include href="q_overflow_v1.xml">
                                 <xi:fallback>
                                    <para><emphasis>Streamlog schema loading error. Could not find: q_overflow_v1.xml</emphasis></para>
                                 </xi:fallback>
                              </xi:include>
                           </field>
                        </case>
                     </union>
                  </case>

                  <!-- SBS SLOG_CTRL_QUEUE_THRESHOLD -->
                  <case value="SLOG_CTRL_QUEUE_THRESHOLD">
                     <union discriminant="CommonHeader_v1_struct.Log Version" >
                        <name>LogVersion_Union</name>
                        <!-- SBS SLOG_CTRL_QUEUE_THRESHOLD, v1 -->
                        <case value="1">
                           <field>
                              <name>SBS QueueThreshold Subtree</name>
                              <datatype>struct</datatype>
                              <xi:include href="slog_datatypes_v1.xml">
                                 <xi:fallback>
                                    <para><emphasis>Streamlog schema loading error. Could not find: slog_datatypes_v1.xml</emphasis></para>
                                 </xi:fallback>
                              </xi:include>
                              <xi:include href="sbs_control_header_v1.xml">
                                 <xi:fallback>
                                    <para><emphasis>Streamlog schema loading error. Could not find: sbs_control_header_v1.xml</emphasis></para>
                                 </xi:fallback>
                              </xi:include>
                              <xi:include href="q_thrshld_v1.xml">
                                 <xi:fallback>
                                    <para><emphasis>Streamlog schema loading error. Could not find: q_thrshld_v1.xml</emphasis></para>
                                 </xi:fallback>
                              </xi:include>
                           </field>
                        </case>
                     </union>
                  </case>

                  <!-- SBS SLOG_CTRL_QUEUE_THRESHOLD_ABATED -->
                  <case value="SLOG_CTRL_QUEUE_THRESHOLD_ABATED">
                     <union discriminant="CommonHeader_v1_struct.Log Version" >
                        <name>LogVersion_Union</name>
                        <!-- SBS SLOG_CTRL_QUEUE_THRESHOLD_ABATED, v1 -->
                        <case value="1">
                           <field>
                              <name>SBS QueueThresholdAbated Subtree</name>
                              <datatype>struct</datatype>
                              <xi:include href="slog_datatypes_v1.xml">
                                 <xi:fallback>
                                    <para><emphasis>Streamlog schema loading error. Could not find: slog_datatypes_v1.xml</emphasis></para>
                                 </xi:fallback>
                              </xi:include>
                              <xi:include href="sbs_control_header_v1.xml">
                                 <xi:fallback>
                                    <para><emphasis>Streamlog schema loading error. Could not find: sbs_control_header_v1.xml</emphasis></para>
                                 </xi:fallback>
                              </xi:include>
                              <xi:include href="q_thrshld_abated_v1.xml">
                                 <xi:fallback>
                                    <para><emphasis>Streamlog schema loading error. Could not find: q_thrshld_abated_v1.xml</emphasis></para>
                                 </xi:fallback>
                              </xi:include>
                           </field>
                        </case>
                     </union>
                  </case>

                  <!-- SBS SLOG_CTRL_STATS -->
                  <case value="SLOG_CTRL_STATS">
                     <union discriminant="CommonHeader_v1_struct.Log Version" >
                        <name>LogVersion_Union</name>
                        <!-- SBS SLOG_CTRL_STATS, v1 -->
                        <case value="1">
                           <field>
                              <name>SBS Stats Subtree</name>
                              <datatype>struct</datatype>
                              <xi:include href="slog_datatypes_v1.xml">
                                 <xi:fallback>
                                    <para><emphasis>Streamlog schema loading error. Could not find: slog_datatypes_v1.xml</emphasis></para>
                                 </xi:fallback>
                              </xi:include>
                              <xi:include href="sbs_control_header_v1.xml">
                                 <xi:fallback>
                                    <para><emphasis>Streamlog schema loading error. Could not find: sbs_control_header_v1.xml</emphasis></para>
                                 </xi:fallback>
                              </xi:include>
                              <xi:include href="stats_v1.xml">
                                 <xi:fallback>
                                    <para><emphasis>Streamlog schema loading error. Could not find: stats_v1.xml</emphasis></para>
                                 </xi:fallback>
                              </xi:include>
                           </field>
                        </case>
                     </union>
                  </case>
               </union>
            </case>
            <!-- CEMS Control Logs -->
            <case value="SLOG_CEMS_NODE">
               <xi:include href="cems.xml">
                  <xi:fallback>
                     <para><emphasis>Streamlog schema loading error. Could not find: cems.xml</emphasis></para>
                  </xi:fallback>
               </xi:include>
            </case>
            <!-- BSSM Control Logs -->
            <case value="SLOG_BSSM_NODE">
               <xi:include href="bssm.xml">
                  <xi:fallback>
                     <para><emphasis>Streamlog schema loading error. Could not find: bssm.xml</emphasis></para>
                  </xi:fallback>
               </xi:include>
            </case>
         </union>
      </case>

      <!-- Protocol Message Logs -->
      <case value="SLOG_PROTOCOL_MSG">
         <union discriminant="CommonHeader_v1_struct.Node Type" >
            <name>NodeType_Union</name>

            <!-- SBS Protocol Message Logs -->
            <case value="SLOG_SBS_NODE">
               <union discriminant="CommonHeader_v1_struct.Log Type" >
                  <name>LogType_Union</name>

                  <!-- SBS SLOG_PROTOCOL_HELLO -->
                  <case value="SLOG_PROTOCOL_HELLO">
                     <union discriminant="CommonHeader_v1_struct.Log Version" >
                        <name>LogVersion_Union</name>
                        <!-- SBS SLOG_PROTOCOL_HELLO, v1 -->
                        <case value="1">
                           <field>
                              <name>SBS ProtocolHello Subtree</name>
                              <datatype>struct</datatype>
                              <xi:include href="slog_datatypes_v1.xml">
                                 <xi:fallback>
                                    <para><emphasis>Streamlog schema loading error. Could not find: slog_datatypes_v1.xml</emphasis></para>
                                 </xi:fallback>
                              </xi:include>
                              <xi:include href="hellomsg_v1.xml">
                                 <xi:fallback>
                                    <para><emphasis>Streamlog schema loading error. Could not find: hellomsg_v1.xml</emphasis></para>
                                 </xi:fallback>
                              </xi:include>
                           </field>
                        </case>
                     </union>
                  </case>
               </union>
            </case>
         </union>
      </case>
      <!-- Custom Logs -->
      <case value="SLOG_CUSTOM_LOG">
         <xi:include href="custom.xml">
            <xi:fallback>
               <para><emphasis>Streamlog schema loading error. Could not find: custom.xml</emphasis></para>
            </xi:fallback>
         </xi:include>
      </case>
   </union>
   <xi:include href="common_footer_v1.xml">
      <xi:fallback>
         <para><emphasis>Streamlog schema loading error. Could not find: common_footer_v1.xml</emphasis></para>
      </xi:fallback>
   </xi:include>
</streamlog>
