<?xml version="1.0" encoding="UTF-8"?>
<!DOCTYPE properties SYSTEM "http://java.sun.com/dtd/properties.dtd">

<properties>
       <comment>

           Property file for an ASCII Parsing 

        </comment>

        <entry key="datatypesFile">
            /opt/cems/cfg/csl/datatypes_mapping.xml
        </entry>

        <entry key="inputSchemaFile">
            /opt/cems/cfg/csl/xdrliteschema/streamlog_v1.xml
        </entry>

        <entry key="outputSchemaFile">
            /opt/cems/cfg/csl/ascii_outputSchema.xml
        </entry>

</properties>
