<?xml version='1.0' encoding='utf-8'?>

  <!--  Data type classes for the XML-configurable filter -->

<datatypes>

  <datatype>
    <name>uint32</name>
    <classname>com.nortel.cdma.service.csl.sls.filter.types.UintType</classname>
    <inputsize>4</inputsize>
  </datatype>
  <datatype>
    <name>uint64</name>
    <classname>com.nortel.cdma.service.csl.sls.filter.types.UintType</classname>
    <inputsize>8</inputsize>
  </datatype>
  <datatype>
    <name>enum</name>
    <classname>com.nortel.cdma.service.csl.sls.filter.types.EnumType</classname>
    <inputsize>4</inputsize>
  </datatype>
  <datatype>
    <name>bool</name>
    <classname>com.nortel.cdma.service.csl.sls.filter.types.BoolType</classname>
    <inputsize>4</inputsize>
  </datatype>
  <datatype>
    <name>struct</name>
    <classname>com.nortel.cdma.service.csl.sls.filter.types.StructType</classname>
  </datatype>
  <datatype>
    <name>fixedArray</name>
    <classname>com.nortel.cdma.service.csl.sls.filter.types.FixedArrayType</classname>
  </datatype>
  <datatype>
    <name>variableArray</name>
    <classname>com.nortel.cdma.service.csl.sls.filter.types.VariableArrayType</classname>
  </datatype>
  <datatype>
    <name>fixedByteArray</name>
    <classname>com.nortel.cdma.service.csl.sls.filter.types.FixedByteArrayType</classname>
  </datatype>
  <datatype>
    <name>variableByteArray</name>
    <classname>com.nortel.cdma.service.csl.sls.filter.types.VariableByteArrayType</classname>
  </datatype>
  <datatype>
    <name>string</name>
    <classname>com.nortel.cdma.service.csl.sls.filter.types.VariableByteArrayType</classname>
  </datatype>
  <datatype>
    <name>union</name>
    <classname>com.nortel.cdma.service.csl.sls.filter.types.UnionType</classname>
  </datatype>

</datatypes>
