<?xml version="1.0" encoding="ISO-8859-1" ?>
<!-- This file defines the schema for the ebsc log collector -->

<schemaelc>
    <properties>
      <name>default</name>
      <ipaddress>127.0.0.1</ipaddress>
      <outport>5258</outport>
      <inport>5257</inport>
      <connectbacklog>20</connectbacklog>
      <threadpoolsize>60</threadpoolsize>
      <connectretryinterval>5000</connectretryinterval>
      <connecttimeout>5000</connecttimeout>
      <connectretryalarmthreshold>5</connectretryalarmthreshold>
      <logqueuecapacity>10000</logqueuecapacity>
      <fairsharerecordcount>100</fairsharerecordcount>
      <nodatasleep>20</nodatasleep>
      <nodatasleepincrement>20</nodatasleepincrement>
      <enforcesingleconnection>true</enforcesingleconnection>
      <nodatamaxretrybeforeclose>3000000</nodatamaxretrybeforeclose>
      <nodataretryinternal>3</nodataretryinternal>
      <channelreaderbuffersize>46080</channelreaderbuffersize>
      <overloadconsecutivereads>100</overloadconsecutivereads>
    </properties>
</schemaelc>

