<?xml version='1.0' encoding='utf-8'?>
<datatypes>
	<datatype>
		<name>uint8</name>
		<classname>com.nortel.cdma.service.csl.sls.filter.xdrlite.types.Uint8Type</classname>
	</datatype>
	<datatype>
		<name>uint16</name>
		<classname>com.nortel.cdma.service.csl.sls.filter.xdrlite.types.Uint16Type</classname>
	</datatype>
	<datatype>
		<name>uint32</name>
		<classname>com.nortel.cdma.service.csl.sls.filter.xdrlite.types.Uint32Type</classname>
	</datatype>
	<datatype>
		<name>uint64</name>
		<classname>com.nortel.cdma.service.csl.sls.filter.xdrlite.types.Uint64Type</classname>
	</datatype>
	<datatype>
		<name>enum8</name>
		<classname>com.nortel.cdma.service.csl.sls.filter.xdrlite.types.Enum8Type</classname>
	</datatype>
	<datatype>
		<name>enum16</name>
		<classname>com.nortel.cdma.service.csl.sls.filter.xdrlite.types.Enum16Type</classname>
	</datatype>
	<datatype>
		<name>bool</name>
		<classname>com.nortel.cdma.service.csl.sls.filter.xdrlite.types.BoolType</classname>
	</datatype>
	<datatype>
		<name>struct</name>
		<classname>com.nortel.cdma.service.csl.sls.filter.xdrlite.types.StructType</classname>
	</datatype>
	<datatype>
		<name>fixedArray</name>
		<classname>com.nortel.cdma.service.csl.sls.filter.xdrlite.types.FixedArrayType</classname>
	</datatype>
	<datatype>
		<name>variableArray</name>
		<classname>com.nortel.cdma.service.csl.sls.filter.xdrlite.types.VariableArrayType</classname>
	</datatype>
	<datatype>
		<name>fixedByteArray</name>
		<classname>com.nortel.cdma.service.csl.sls.filter.xdrlite.types.FixedByteArrayType</classname>
	</datatype>
	<datatype>
		<name>variableByteArray</name>
		<classname>com.nortel.cdma.service.csl.sls.filter.xdrlite.types.VariableByteArrayType</classname>
	</datatype>
	<datatype>
		<name>string</name>
		<classname>com.nortel.cdma.service.csl.sls.filter.xdrlite.types.VariableByteArrayType</classname>
	</datatype>
	<datatype>
		<name>union</name>
		<classname>com.nortel.cdma.service.csl.sls.filter.xdrlite.types.UnionType</classname>
	</datatype>
	<datatype>
		<name>bitmap8</name>
		<classname>com.nortel.cdma.service.csl.sls.filter.xdrlite.types.BitmapType</classname>
	</datatype>
</datatypes>