<?xml version='1.0' encoding='utf-8'?>
<digester-rules>
	<pattern value="datatypes/datatype">
		<object-create-rule classname="com.nortel.cdma.service.csl.sls.filter.xdrlite.DataTypeAttributes"/>
		<set-next-rule methodname="createType"/>
		<pattern value='name'>
   			<bean-property-setter-rule/>
   		</pattern>
		<pattern value='classname'>
   			<bean-property-setter-rule/>
   		</pattern>
        <pattern value='inputsize'>
           <bean-property-setter-rule/>
        </pattern>
   	</pattern>
</digester-rules>