<?xml version='1.0' encoding='utf-8'?>
<digester-rules>

		<pattern value="*/field">
			<object-create-rule classname="com.nortel.cdma.service.csl.sls.filter.xdrlite.FieldAttributes"/>
			<set-next-rule methodname="createField"/>
			<set-properties-rule/>  <!--for attribute 'maxlength' in variableArray  -->
			<pattern value='name'>
	   			<bean-property-setter-rule/>
	   		</pattern>
			<pattern value='datatype'>
	   			<bean-property-setter-rule/>
	   		</pattern>
			<pattern value='displayname'>
	   			<bean-property-setter-rule/>
	   		</pattern>
			<pattern value='description'>
	   			<bean-property-setter-rule/>
	   		</pattern>
			<pattern value='arraysize'>
	   			<bean-property-setter-rule/>
	   		</pattern>
            <pattern value='outputformat'>
                <bean-property-setter-rule/>
            </pattern>
			<pattern value='arrayelementtype'>
	   			<bean-property-setter-rule/>
	   		</pattern>
			<pattern value='values'>
	   			<!-- Define the values of an enum or bitmap field -->
	   			<object-create-rule classname="com.nortel.cdma.service.csl.sls.filter.xdrlite.ValueMap"/>
			    <pattern value='value'>
			    	<call-method-rule methodname='setValueObject' paramcount='3'/>
			    	<call-param-rule paramnumber='0' attrname='name'/>
			    	<call-param-rule paramnumber='1'/>
                    <call-param-rule paramnumber='2' attrname='displayname'/>
				</pattern>
			    <set-next-rule methodname='setMapping'/>
	   		</pattern>
		 </pattern>

		 <pattern value='*/union'>
			<object-create-rule classname="com.nortel.cdma.service.csl.sls.filter.xdrlite.UnionAttributes"/>
			<set-next-rule methodname="createField"/>
			<set-properties-rule/>  <!-- for attributes 'discriminant' and 'outputDiscriminant'   -->
			<pattern value='name'>
	   			<bean-property-setter-rule/>
	   		</pattern>
			<pattern value='discriminant'>
	   			<bean-property-setter-rule/>
	   			<set-properties-rule/>  <!-- for attribute 'bitref' -->
	   		</pattern>
	   		<pattern value='case'>
				<set-properties-rule/>  <!-- to set case value from attribute -->
	   		</pattern>
		 </pattern>

		<pattern value='*/typedef'>
			<object-create-rule classname="com.nortel.cdma.service.csl.sls.filter.xdrlite.DataTypeAttributes"/>
			<set-next-rule methodname="createType"/>
			<pattern value='name'>
	   			<bean-property-setter-rule/>
	   		</pattern>
			<pattern value='datatype'>
	   			<bean-property-setter-rule/>
	   		</pattern>
			<pattern value='displayname'>
	   			<bean-property-setter-rule/>
	   		</pattern>
			<pattern value='description'>
	   			<bean-property-setter-rule/>
	   		</pattern>
            <pattern value='outputformat'>
                <bean-property-setter-rule/>
            </pattern>
	   		<pattern value='values'>
	   			<!-- Define the values of an enum or bitmap field -->
	   			<object-create-rule classname="com.nortel.cdma.service.csl.sls.filter.xdrlite.ValueMap"/>
			    <pattern value='value'>
			    	<call-method-rule methodname='setValueObject' paramcount='3'/>
			    	<call-param-rule paramnumber='0' attrname='name'/>
			    	<call-param-rule paramnumber='1'/>
                    <call-param-rule paramnumber='2' attrname='displayname'/>
				</pattern>
			    <set-next-rule methodname='setMapping'/>
	   		</pattern>
	    </pattern>

</digester-rules>