<?xml version='1.0' encoding='utf-8'?>
<input>
	<field>
		<name>Log Version</name>
		<datatype>uint8</datatype>
		<description></description>
		<priority>0</priority>
	</field>
	<field>
		<name>Record Length</name>
		<datatype>uint16</datatype>
		<description>Length of the whole packet (including header)</description>
		<priority>0</priority>
	</field>
	<field>
		<name>Time Stamp</name>
		<datatype>uint64</datatype>
		<description>The time when this log is generated</description>
		<priority>0</priority>
	</field>
	<field>
		<name>OID: Agent Id</name>
		<datatype>uint32</datatype>
		<description>OID maps to FDN</description>
		<priority>0</priority>
	</field>

	<field>
		<name>InitialActiveSetEqualToFinalActiveSet</name>
		<datatype>bool</datatype>
		<priority>0</priority>
	</field>
	<field>
		<name>SetupTypeA</name>
		<datatype>enum8</datatype>
		<priority>0</priority>
		<values>
			<value name="SLIPUBIF_Mobile_Originated">0</value>
			<value name="SLIPUBIF_Mobile_Terminated">1</value>
			<value name="SLIPUBIF_Hard_Handoff">2</value>
		</values>
	</field>
	<field>
		<name>SetupTypeB</name>
		<datatype>enum16</datatype>
		<priority>0</priority>
		<values>
			<value name="ACLSPTYP_SERVICE_OPTION_INVALID">0x0000</value>
			<value name="ACLSPTYP_SERVICE_OPTION_VOICE">0x0001</value>
			<value name="ACLSPTYP_SERVICE_OPTION_LOOPBACK">0x0002</value>
    		<value name="ACLSPTYP_SERVICE_OPTION_QCOMM_IS96VOICE">0x8001</value>
		</values>
	</field>
	<field>
		<name>CorrID</name>
		<datatype>fixedByteArray</datatype>
		<arraysize>5</arraysize>
		<priority>0</priority>
	</field>
	<field>
		<name>CallState</name>
		<datatype>struct</datatype>
		<priority>0</priority>
		<field>
		   <name>CallSetupStatus</name>
		   <datatype>uint16</datatype>
		   <priority>0</priority>
		</field>
		<field>
		   <name>RadioConfigStatus</name>
		   <datatype>uint32</datatype>
		   <priority>0</priority>
		</field>
		<field>
		   <name>SvcConnectStatus</name>
		   <datatype>uint8</datatype>
		   <priority>0</priority>
		</field>
	</field>

	<field>
	   <name>Connection_v1_struct</name>
	   <datatype>struct</datatype>
	   <displayname>Connection Established Control Log</displayname>
	   <priority>0</priority>
	   <field>
	      <name>BSC Software Version</name>
	      <datatype>fixedByteArray</datatype>
	      <arraysize>10</arraysize>
	      <description>BSC software version as a string</description>
	      <priority>0</priority>
	   </field>
	   <field>
	      <name>Next Sequence # to be used</name>
	      <datatype>fixedByteArray</datatype>
	      <arraysize>3</arraysize>
	      <description>Sequence # of next log to be sent</description>
	      <priority>0</priority>
	   </field>
	</field>
	<field>
	  <name>PDSN IP</name>
	  <datatype>uint32</datatype>
	  <priority>0</priority>
	</field>
	<field>
	  <name>Instance Id</name>
	  <datatype>uint16</datatype>
	  <priority>0</priority>
	</field>
	<field>
	  <name>Total Data Session Seconds</name>
	  <datatype>uint32</datatype>
	  <priority>0</priority>
	</field>
	<field>
	  <name>Active Data Session Seconds</name>
	  <datatype>uint32</datatype>
	  <priority>0</priority>
	</field>
	<field>
	  <name>Total Forward Data Bytes</name>
	  <datatype>uint32</datatype>
	  <priority>0</priority>
	</field>
	<field>
	  <name>Peak Forward Data Bytes</name>
	  <datatype>uint32</datatype>
	  <priority>0</priority>
	</field>
	<field>
	  <name>Total Reverse Data Bytes</name>
	  <datatype>uint32</datatype>
	  <priority>0</priority>
	</field>
	<field>
	  <name>Peak Reverse Data Bytes</name>
	  <datatype>uint32</datatype>
	  <priority>0</priority>
	</field>
	<field>
	  <name>PeakFwdMeasInterval</name>
	  <datatype>uint32</datatype>
	  <priority>0</priority>
	</field>
	<field>
	  <name>PeakRevMeasInterval</name>
	  <datatype>uint32</datatype>
	  <priority>0</priority>
	</field>
	<field>
	  <name>NumActiveToDormant</name>
	  <datatype>uint16</datatype>
	  <priority>0</priority>
	</field>
	<field>
	  <name>Num DSU Logs</name>
	  <datatype>uint16</datatype>
	  <priority>0</priority>
	</field>
	<typedef>
	   <name>Stats_v1_struct</name>
	   <datatype>struct</datatype>
	   <displayname>Statistics Information ControlLog</displayname>
	   <field>
	      <name>Last Data Log Sequence # Sent</name>
	      <datatype>uint32</datatype>
	      <description>Sequence # of last Data log attempted to be sent by BSC/EBSC processor.</description>
	   </field>
	   <field>
	      <name>Last Control Log Sequence # Sent</name>
	      <datatype>uint32</datatype>
	      <description>Sequence # of last Control log attempted to be sent by BSC/EBSC processor.</description>
	   </field>
	   <field>
	      <name>Number Data Logs Sent since Uptime</name>
	      <datatype>uint32</datatype>
	      <description>Number data logs attempted to be sent by BSC/EBSC processor since uptime. Accounts for gaps that may span > 1 period.
	Also quantifies gaps when sequence number wraps</description>
	   </field>
	   <field>
	      <name>Number Data Logs Generated since Uptime</name>
	      <datatype>uint32</datatype>
	      <description>Number data logs generated by BSC/EBSC processor since Uptime. By examining this value in sequential Stats Control Logs this can identify situations where no data logs have been sent due to no logging activity (e.g. CallP has been Locked or in a Dependency state).</description>
	   </field>
	   <field>
	      <name>Number Data Logs Suppressed since Uptime</name>
	      <datatype>uint32</datatype>
	      <description>Number data logs suppressed by BSC/EBSC processor since uptime. Log suppression occurs if we are in an overload situation causing lower priority logs to be suppressed.</description>
	   </field>
	   <field>
	      <name>Number Data Logs Overwritten since Uptime</name>
	      <datatype>uint32</datatype>
	      <description>Number data logs overwritten by BSC/EBSC processor since uptime. Log overwrites occurs if the queue has overflowed.</description>
	   </field>
	   <field>
	      <name>BSC Software Version</name>
	      <datatype>fixedByteArray</datatype>
	      <arraysize>80</arraysize>
	      <description>BSC software version as a string</description>
	      <priority>0</priority>
	   </field>
	 </typedef>

	<field>
	  <name>Big Honkin Array</name>
	  <datatype>fixedArray</datatype>
	  <arraysize>20</arraysize>
	  <arrayelementtype>Stats_v1_struct</arrayelementtype>
	  <priority>0</priority>
	</field>

	<field>
	  <name>CRC</name>
	  <datatype>uint16</datatype>
	  <priority>0</priority>
	</field>
	<field>
	  <name>End of Record</name>
	  <datatype>uint16</datatype>
	  <priority>0</priority>
	</field>

</input>