<?xml version='1.0' encoding='utf-8'?>
<digester-rules>

	<pattern value="*/field">
		<object-create-rule classname="com.nortel.cdma.service.csl.sls.filter.xdrlite.EmitterAttributes"/>
		<set-next-rule methodname="createEmitter"/>
		<set-properties-rule/>  <!-- for attributes -->
		<set-nested-properties-rule/>  <!-- for elements -->
		<!--
		<pattern value='name'>
   			<bean-property-setter-rule/>
   		</pattern>
		<pattern value='emitter'>
   			<bean-property-setter-rule/>
   		</pattern>
		<pattern value='alignment'>
   			<bean-property-setter-rule/>
   		</pattern>
		<pattern value='priority'>
   			<bean-property-setter-rule/>
   		</pattern>
   		-->
   	</pattern>
		<!--
	<pattern value="*/union">
		<object-create-rule classname="com.nortel.cdma.service.csl.sls.filter.xdrlite.EmitterAttributes"/>
		<pattern value='emitter'>
			<set-properties-rule/>
		</pattern>
	</pattern>
   		-->

</digester-rules>