<?xml version='1.0' encoding='utf-8'?>
<output>
	<!--
	 * An example output schema for XDRLiteConverter.
	 *
	 * The name attribute of the field element specifies which field it is associated with.
	 * A name of "*" implies all fields, to be used as a default emitter.
	 * Only one emitter will be invoked per top-level field in the input schema. If a
	 * specific emitter is not found, then the default emitter is invoked.
	 *
	  -->
	<!--
	<field name='LogType_Union'>
		<emitter>com.nortel.cdma.service.csl.sls.filter.xdrlite.FieldPriorityFilter</emitter>
		<discriminantvalue>SLOG_DATA_LOG</discriminantvalue>
		<value>SLOG_LOG_CALL_DROP_DATA</value>
		<priority>1</priority>
	</field>
-->
	<field name='*'>
		<emitter>com.nortel.cdma.service.csl.sls.filter.xdrlite.AlignedFieldContentEmitter</emitter>
		<alignment>4</alignment>
		<padvalue>0</padvalue>
	</field>

<!--
	<field name='*'>
		<emitter>com.nortel.cdma.service.csl.sls.filter.xdrlite.FieldStructureDebugEmitter</emitter>
	</field>


	<field name='*'>
		<emitter>com.nortel.cdma.service.csl.sls.filter.xdrlite.FieldNameValueEmitter</emitter>
	</field>
-->
</output>